_id,id,title,mainSummary,summary,body,sourceUrl,rumorType,crawlTime
5e50b42967758b679a46318c,167,每次外出回家都需要洗头？,中国疾控中心研究员冯录召：一般情况下，公众外出回家后不需要专门洗头或消毒,,人感染病毒需要一定的条件，比如飞沫中的病毒量、病毒活性等。目前研究显示病毒对紫外线和热敏感，正常情况下，外出到室外或一般公共场所头发沾到高浓度且含有活病毒的飞沫可能性极低，保持头发的日常清洁即可。,,0,2020-02-22 12:55:03.523
5e4fdd6f67758b679a462cba,165,地铁票会传播新冠病毒？,中国疾控中心研究员冯录召：循环使用的地铁票沾染病毒的概率非常低。,,中国疾控中心研究员冯录召表示，循环使用的地铁票沾染病毒的概率是非常低的，但为了避免可能的接触，还是推荐使用公交卡或手机App来支付，乘坐地铁后及时洗手。目前，新冠肺炎的传播途径仍然是以飞沫传播和接触传播为主，戴口罩、勤洗手、保持卫生是有效预防病毒的手段。,,2,2020-02-21 21:38:53.014
5e4f971e67758b679a462981,166,牛蛙被列入禁食名单？,相关部门：未发布相关名单,,国家市场监管总局、农业农村部、国家林草局三部委日前发布关于禁止野生动物交易的公告，要求全国疫情解除期间，禁止野生动物交易活动。近日，网传一份名单显示，牛蛙也被禁止经营销售。中新社记者向相关部门了解获悉，三部委尚未发布相关禁食名单，也没有见过这一名单。,,0,2020-02-21 16:38:52.217
5e4f971e67758b679a462982,165,地铁票会传播新冠病毒？,中国疾控中心研究员冯录召：循环使用的地铁票沾染病毒的概率非常低。,,中国疾控中心研究员冯录召表示，循环使用的地铁票沾染病毒的概率是非常低的，但为了避免可能的接触，还是推荐使用公交卡或手机App来支付，乘坐地铁后即使洗手。目前，新冠肺炎的传播途径仍然是以飞沫传播和接触传播为主，戴口罩、勤洗手、保持卫生是有效预防病毒的手段。,,2,2020-02-21 16:38:52.217
5e4e440867758b679a461e88,164,新冠肺炎病人的肺部损伤不可逆？,中国工程院副院长王辰：我们有限的观察提示，肺功能能够相当的成长或完全的恢复,,"有网友发出所谓「新冠病毒对肺部影响的CT图像」，并称「所有被啃噬、机化的肺组织都不会再恢复了，愈后会形成无任何肺功能的瘢痕组织」。

实际上此说法不实，中国工程院副院长，呼吸与危重症医学专家王辰表示：「我们有限的观察提示，肺功能能够相当的成长或完全的恢复。」也就是说，受损的肺是完全有机会修复的，大家不要被谣言骗了。",,0,2020-02-20 16:32:05.459
5e4e35f667758b679a461e0e,163,防溢乳垫贴在口罩内可延长使用时间？,丁香医生团队辟谣：防溢乳垫不靠谱，无法保障防护效果,,"有网友发现，N95买不到，一次性医用口罩又不够用。防溢乳垫既然有吸湿和防渗透的功能，是不是也可以垫在口罩里，好让口罩保持干燥，延长使用时间呢？
虽然能吸湿防渗，但防溢乳垫对细菌和病毒的过滤作用比口罩弱得多，外层的透气效果也不好，戴上会很闷，用它来延长口罩寿命，得不偿失。",,0,2020-02-20 15:32:04.590
5e4e0fed67758b679a461ce0,162,新冠病毒可能会长期存在？,中国工程院副院长王辰：可能性是完全存在的，我们要做好准备,,2月19日央视新闻频道《新闻1+1》，主持人白岩松连线中国工程院副院长、呼吸与危重症医学专家王辰。对于是否有可能要做好与新冠病毒长期共存的准备，王辰表示「像这个病（新冠病毒）我们就是说有可能转成慢性的，像流感一样长期在人间存在的病。这种可能性是完全存在的，对此我们要做好准备。」,,1,2020-02-20 12:49:47.701
5e4d059b2815d234df54e549,160,温州确诊病例有 40% 是变异病毒？,广州疾控中心辟谣：新型冠状病毒未发生明显的变异,,近日，「温州490例里有40%是全新变异的病毒，疾控中心现在要排查3万多人从温州回广东的这批人」这一谣言在广州地区用户微信群转发。广州疾控中心表示，我国最新研究表明：新型冠状病毒未发生明显的变异。对新型冠状病毒的密切监测也表明，不论是环境中分离的病毒，还是前期在人体中分离的病毒，再到近日分离的病毒，均未发现明显的变异。,,0,2020-02-19 17:53:31.473
5e4d059b2815d234df54e54a,161,蜂疗能治愈新冠肺炎？,丁香医生团队辟谣：目前没有证据表明蜂疗能治愈新冠肺炎,,在国家卫健委印发的《新型冠状病毒感染的肺炎诊疗方案（试行第六版）》中并未提到「蜂疗」治疗及效果。在武汉协和医院发布的治疗方案中，确实提到了蜂蜜，但也仅仅是针对咳嗽咽喉痛的对症治疗。,,0,2020-02-19 17:53:31.473
5e4d059c2815d234df54e54b,157,新冠病毒可能伤睾丸和伤肾？,丁香医生团队：目前仅有一篇论文提到，并非定论,,"2月13日，南京医科大学附属苏州医院团队在Medrxiv网站发布了一项研究，提到受新型冠状病毒感染的患者可能出现肾脏功能损伤、睾丸功能损伤。

但本论文尚未经过同行评议，也未在正式期刊上发表，所以这并不是一个定论，保持关注就好，无需过度解读和恐慌。",,2,2020-02-19 17:53:31.473
5e4d059c2815d234df54e54c,159,磷酸氯喹是新冠肺炎特效药？,钟南山院士：目前磷酸氯喹还谈不上是特效药，但是有一定的帮助,,在2月18日广东省召开的新闻发布会上，钟南山院士表示「目前专家推荐的磷酸氯喹还谈不上是特效药，但是有一定的帮助，是非常值得探讨的。」丁香医生在此提醒，磷酸氯喹是用于治疗新冠肺炎，非预防用药，请勿哄抢，没病不要乱吃药。,,2,2020-02-19 17:53:31.473
5e4d059c2815d234df54e54d,158,家用空气净化器能过滤病毒吗？,中国疾控中心研究员冯录召：不一定有效，仍然建议多通风,,市场上常用的空气净化器，主要适用于空气中的污染物，并没有对病毒或其他病原微生物有杀灭率的要求，作为刚发现不久的新冠病毒，也缺乏相关研究。空气净化器可以用，但要预防病毒感染，还是得尽量多通风。,,2,2020-02-19 17:53:31.473
5e4d059c2815d234df54e54e,156,精油芳疗可以预防新冠肺炎？,丁香医生团队辟谣：或许可以调节心情，但并不能预防新冠肺炎,,"精油是一般是从天然植物中，通过一些特殊的方法提炼萃取出来的化合物，目前在我国，精油是按照化妆品进行备案监管的。

据我国现行《化妆品卫生监督条例》第十四条规定，化妆品不得宣传疗效，不得使用医疗术语，广告宣传中不得宣传医疗作用。

目前也没有证据显示精油芳疗可以预防新冠肺炎。",,0,2020-02-19 17:53:31.473
5e4d059c2815d234df54e54f,127,确诊患者治疗要自费 40%？,丁香医生团队辟谣：确诊患者不需要自己承担费用，各级财政会进行兜底,,2月7日，财政部副部长余蔚平在新闻发布会上说，对确诊患者个人负担费用实行财政兜底，其中，中央财政补助60%；对疑似患者，由就医地制定财政补助政策，中央财政视情给予适当补助。丁香医生团队向政府相关部门求证：确诊患者不需要自己承担费用，各级财政会进行兜底。我们也在此呼吁：千万不要因为钱的问题逃避治疗！,,0,2020-02-19 17:53:31.473
5e4d059c2815d234df54e550,153,红糖和姜葱蒜熬水喝可防新冠病毒？,丁香医生团队辟谣：又难喝又没用，何必折腾自己呢,,丁香医生再次强调，到目前为止，还没有专门用于预防和治疗新冠病毒的药物，这些偏方也未经科学验证。好好的几个食材偏要一起熬水，又难喝又没用，何必折腾自己呢。勤洗手，戴口罩，不去人多的地方，就是最好的预防手段。,,0,2020-02-19 17:53:31.473
5e4d059c2815d234df54e551,155,养猫狗可以预防新冠病毒感染？,丁香医生团队辟谣：养猫狗对身心健康有好处，但对预防新冠病毒感染没有帮助,,传言「猫狗在与人相处的过程中会加强人类的冠状病毒抗体，所以养猫狗可以预防新冠病毒感染。」猫狗的确会感染冠状病毒，不过冠状病毒有很多种，它们感染的主要是冠状病毒α属中的猫/犬冠状病毒。严重危害人类健康的冠状病毒主要是β属，比如SARS病毒和现在的新冠病毒。猫/犬冠状病毒本来就对人类无影响，当然不会因为猫狗感染过而帮助我们抵御其它冠状病毒。,,0,2020-02-19 17:53:31.473
5e4d059c2815d234df54e552,151,银离子抗菌液能杀灭新冠病毒？,清华大学化学系孙亚飞博士：尚无权威机构证实银离子对新冠病毒的作用，不推荐只用这种办法消毒,,这一说法缺乏依据。银离子确实有一定的抑菌、杀菌效果，其原理是让蛋白酶失去活性，细菌无法完成代谢。此前有研究发现，银离子对SARS病毒可能有一定杀灭作用，但目前尚未证实银离子对新型冠状病毒有同样效果。,,0,2020-02-19 17:53:31.473
5e4d059c2815d234df54e553,2,盐水漱口能预防感染新冠病毒？,钟南山院士团队辟谣：漱口没有办法清洁呼吸道,,"钟南山院士团队公开辟谣：

「盐水漱口有利于清洁口腔和咽喉，对于咽喉炎有帮助。但是新型冠状病毒侵犯的部位在呼吸道，漱口没有办法清洁呼吸道。其次，目前尚无任何研究结果提示盐水对新型冠状病毒有杀灭作用。」",,0,2020-02-19 17:53:31.473
5e4d059c2815d234df54e554,154,零号病人是武汉病毒研究所研究生？,中国科学院武汉病毒研究所声明：黄燕玲未曾被 2019 新型冠状病毒感染，身体健康,,网传消息称武汉病毒所毕业生黄燕玲是所谓最早感染新冠病毒的「零号病人」。中国科学院武汉病毒研究所16日发声明：黄燕玲同学于2015年在我所毕业获得硕士学位，在学期间的研究内容为噬菌体裂解酶的功能及抗菌广谱性，毕业后一直在其他省份工作生活，未曾回过武汉，未曾被2019新型冠状病毒感染，身体健康。,,0,2020-02-19 17:53:31.473
5e4d059d2815d234df54e555,101,千万别出门玩雪，会感染新冠病毒？,北京地坛医院感染病急诊主任王凌航：不用担心新冠病毒会通过雪来传染,,"北京地坛医院感染病急诊主任王凌航表示：关于气候条件和呼吸道传染病流行之间，实际上没有必然联系，下雪和呼吸道疾病的消长之间没有确定的因果联系，不用把下雪和疫情联系起来，也不用担心病毒会通过雪来传染。

不过还是要提醒大家做好防护措施。",,0,2020-02-19 17:53:31.473
5e4d059d2815d234df54e556,84,别吃鱼，某地有 121 个鱼塘感染？,丁香医生团队查证：各城市版本的均为编造，正规渠道售卖的仍可放心吃,,青海、南宁、丽江等各城市版本的均为编造。另外，此次新型冠状病毒来源是非法销售的野生动物，正规渠道售卖的各类肉制品仍可彻底煮熟后食用。,,0,2020-02-19 17:53:31.473
5e4d059d2815d234df54e557,114,出现流涕和咳痰就不是新冠肺炎？,丁香医生团队辟谣：根据是否流鼻涕和咳痰就果断判定不是新冠肺炎，是不准确的,,国家卫健委印发的《新型冠状病毒感染的肺炎诊疗方案（试行第五版）》中提到，新冠肺炎的主要表现是发热、乏力、干咳。少数患者伴有鼻塞、流涕、咽痛和腹泻等症状。所以，根据是否流鼻涕和咳痰就果断判定不是新冠肺炎，是不准确的。想知道如何区分新冠肺炎和感冒，去丁香医生公众号回复「区分」即可查看。,,0,2020-02-19 17:53:31.473
5e4d059d2815d234df54e558,118,某家的猪崽会说话，是瘟疫的前兆?,丁香医生团队辟谣：系谣言，造谣女子已被行拘,,2月5日，贵州六枝特区民警接到举报称，有人在微信群造谣称老母猪下崽后突然开口说话，称天亮前吃9个鸡蛋能防肺炎疫情。谣言迅速传播，引起市民广泛议论。民警当天就将造谣女子朱某抓获，目前其已被警方处以行拘10日。丁香医生提醒，除此谣言外，还有「哑巴突然开口说话」「刚出生的婴儿会说话」等版本，信了你就输了。,,0,2020-02-19 17:53:31.473
5e4d059d2815d234df54e559,152,环保酵素可以消灭新冠病毒？,丁香医生团队辟谣：没有证据支持「环保酵素能消毒」，环保酵素存在安全隐患，且可能是违法产品,,《中华人民共和国传染病防治法》规定：生产用于传染病防治的消毒产品的单位和生产用于传染病防治的消毒产品，应当经省级以上人民政府卫生行政部门审批。各地采用的「环保酵素」，均为民间自制，公开资料中产品未见任何相关证明。目前权威机构确认能有效灭活病毒的可靠产品只包括75%酒精、含氯消毒剂、乙醚等。,,0,2020-02-19 17:53:31.473
5e4d059d2815d234df54e55a,78,带毛领或绒线的外套容易吸附病毒？,丁香医生团队辟谣：从流感病毒的性质推测，病毒更喜欢光滑无孔的表面，在毛织品上留存时间更短,,在普通家居、出行生活中，不必考虑衣物材质和静电问题对病毒吸附的影响，舒适为主。病毒通过飞沫传播，并不是单独在空气中，其可能在任何材质的衣物上停留，双手勿接触口鼻眼等、回家及时洗手、做好外套的消毒与吹风，比材质选择更重要。,,0,2020-02-19 17:53:31.473
5e4d059d2815d234df54e55b,150,康复者血液有可能治好新冠肺炎？,中国生物：治疗性新冠特免血浆制品已投入临床，患者重点指标向好，临床体征和症状好转,,2月8日，以新型冠状病毒感染的肺炎诊疗方案（试行第五版）为指南，首期在江夏区第一人民医院开展了3名危重患者的新冠特免血浆治疗，目前连同后续医院治疗的危重病人超过了10人。临床反映，患者接受治疗12至24小时后，实验室检测主要炎症指标明显下降，淋巴细胞比例上升，血氧饱和度、病毒载量等重点指标全面向好，临床体征和症状明显好转。,,1,2020-02-19 17:53:31.473
5e4d059d2815d234df54e55c,21,喝高度酒能抵抗新冠病毒?,丁香医生团队辟谣：喝进去不会作用于病毒,,酒精的确能杀死病毒。但得是75%浓度的酒精消毒产品，而且只能用来体表消毒。喝进身体的高度酒，只会被吸收代谢，不会作用于病毒。,,0,2020-02-19 17:53:31.473
5e4d059d2815d234df54e55d,146,口罩喷酒精遇 84 消毒瞬间死亡？,楚天都市报记者从多方证实：该消息系谣言,,网传「武汉盘龙城一小区男子把口罩喷酒精戴，坐电梯时遇84消毒，瞬间晕倒死亡」，楚天都市报记者多方证实，系谣言。属地派出所表示，他们未接到或者处置过类似的警情。据悉，武汉市相关部门已联系上帖主核实情况，帖主表示系「道听途说」，已自行删帖。,,0,2020-02-19 17:53:31.473
5e4d059d2815d234df54e55e,148,烟民感染新冠病毒率远低于非烟民？,钟南山团队回复：不同意这种说法,,某公众号发表了一篇题为《吸烟者感染新冠病毒率远低于非烟民？钟南山首篇论文出炉》的文章，该文章截取钟南山团队2月9日发表的论文中的部分数据，得出「明显吸烟者感染率远低于非烟民」的结论，还称吸烟能够驱邪治病。北京市控烟协会已经与钟南山团队取得了联系，对方在回应北京市控烟协会时表示，根本不能同意这种说法，正在研究此事，随后将作出反应。,,0,2020-02-19 17:53:31.473
5e4d059e2815d234df54e55f,147,干手器能在 30 秒内杀死新冠病毒？,世界卫生组织辟谣：不能，干手器不能有效杀死新冠病毒。,,为了防止自己感染新冠病毒，应该经常用含酒精的免水洗洗手液或用肥皂水洗手。将手清洗干净后，用纸巾彻底擦干或用暖风干手器彻底烘干。,,0,2020-02-19 17:53:31.473
5e4d059e2815d234df54e560,144,把某些药物敷在脚底可以防病毒？,丁香医生团队辟谣：到目前为止，还没有专门用于预防和治疗新冠病毒的药物,,有传闻某药方打粉和蛋清调匀，敷于双脚底涌泉穴。平躺16小时，期间不能坐，不能站。口含咬破大蒜一天一夜。可以考虑戴成人尿不湿。晚上开始敷，16小时内可以不用吃饭。可抑制病毒/治疗肺炎。丁香医生再次强调，到目前为止，还没有专门用于预防和治疗新冠病毒的药物。别浪费钱折腾了，少出门，勤洗手，做好家居外出防护，才是最好的方法。,,0,2020-02-19 17:53:31.473
5e4d059e2815d234df54e561,145,候鸟迁徙会携带传播新冠病毒？,剑桥大学病毒学助理研究员韩越：相比哺乳类，鱼、鸟、爬行类成为新冠肺炎中间宿主的可能性很小,,相比于哺乳动物，鱼类、鸟类和爬行类成为新冠肺炎中间宿主的可能性非常小。新冠病毒主要利用细胞表面受体ACE2感染哺乳动物，鸟类目前没有被检测出具备大量ACE2受体，被病毒侵染概率很低。,,0,2020-02-19 17:53:31.473
5e4d059e2815d234df54e562,143,新冠病毒的疫苗研制要 18 个月？,世卫组织总干事谭德塞博士：开发疫苗和疗法需要时间,,世卫组织总干事谭德塞博士表示：「开发疫苗和疗法需要时间，与此同时，我们也不是束手无策。我们现在可以采用许多基本公共卫生干预措施预防感染。第一支疫苗可能在18个月后才能投入使用。所以，在筹划长远安排的同时，我们今天必须全力使用现有各种武器对付这一病毒。」,,1,2020-02-19 17:53:31.473
5e4d059e2815d234df54e563,141,深呼吸再憋十秒可测是否有肺炎？,丁香医生团队辟谣：真没必要用这样的方式去检查有没有肺炎,,有肺炎的话，你会咳嗽、呼吸急促，甚至喘不过气，很容易就能认得出，必要时还有CT识别手段。就算毫无肺炎表现，只要有发热以及相关密切接触史，也得尽快就医，并不是没有肺炎就安全。假如你一切良好，看到这则谣言不由自主做几次深吸气检查也没关系，会稍稍刺激迷走神经，还可能让气道高敏的人忍不住咳几声，这并不会有明显危害，记得别连续深吸气「复查」就行了。,,0,2020-02-19 17:53:31.473
5e4d059e2815d234df54e564,142,保持喉咙湿润可以预防病毒？,剑桥大学病毒学助理研究员韩越：没有研究显示频繁喝水能预防新冠病毒感染,,有传言称「即便吸入了病毒，如果喉咙湿润的话，病毒大多会沿食道进入胃部，而不是沿呼吸道进入肺部。胃里有胃酸，能有效杀死病毒，所以要多喝水」其实新冠病毒通过侵染呼吸道黏膜上皮细胞，并在细胞中大量增殖完成侵染，多喝水并不能阻止细胞进入呼吸道。胃酸虽可杀死病毒，但不是全部病毒，新冠病毒存在侵染胃部细胞的可能性。水喝太多可能使体内电解质失衡，对肾脏等器官造成额外负担！,,0,2020-02-19 17:53:31.473
5e4d059e2815d234df54e565,139,钟南山：新冠肺炎治愈也有后遗症？,丁香医生团队查证：钟南山院士没有说过此话,,经查证，钟南山院士并没有说过此话。相反，1月31日，钟南山院士在接受北京卫视《养生堂》采访时提到：到现在我没有发现有很明显的后遗症，治愈的可能以后会大量增加。,,0,2020-02-19 17:53:31.473
5e4d059e2815d234df54e566,136,新冠病毒属于 SARS 病毒？,华中农业大学教授陈焕春解释：完全属于口误,,9日，湖北省召开第19场疫情防控工作新闻发布会，华中农业大学教授陈焕春介绍，「分析发现，新型冠状病毒属于SARS冠状病毒。」新京报记者刚刚向陈焕春核实到，该说法属于口误。他表示，应为「新型冠状病毒属于SARS相关冠状病毒」。这意味着「新冠」病毒与SARS冠状病毒相似。该结论是基于中科院武汉病毒所石正丽研究员的工作得出的。,,0,2020-02-19 17:53:31.473
5e4d059e2815d234df54e567,140,洋葱可以预防新冠肺炎？,丁香医生团队辟谣：无论是吃还是闻都不能预防新冠肺炎,,目前没有证据证明洋葱有预防新冠肺炎的功效。不过，炒菜吃还是很美味的，闻就算了吧，不嫌辣眼睛和鼻子吗。,,0,2020-02-19 17:53:31.473
5e4d059f2815d234df54e568,138,新冠肺炎潜伏期最长 24 天？,丁香医生团队提醒：潜伏期长是个案，要重视，但无需恐慌。,,由国家卫健委高级别专家组组长钟南山领衔的「中国2019年新型冠状病毒感染的临床特征」研究，在预印本网站medRxiv上发表。钟南山等人对1099例（截至1月29日）新冠肺炎确诊患者的临床特征进行了回顾性研究。研究发现，新冠肺炎的中位潜伏期为3.0天，最长可达24天。丁香医生在此提醒，潜伏期长是个案，要重视，但无需恐慌。,,1,2020-02-19 17:53:31.473
5e4d059f2815d234df54e569,137,吃果蔬和肉蛋会感染新冠病毒？,中国疾病预防控制中心研究员冯录召：病毒通过飞沫、直接接触等方式污染到果蔬肉蛋的几率很低,,蔬菜、肉、水果买回家后先用流水冲洗。蔬菜、肉类应烧熟吃，水果尽量削皮，处理生食和熟食的切菜板及刀具要分开。病毒在56℃、30分钟就能被杀死，炒菜经常能达到100℃以上的高温，炒熟炒透后不用担心病毒。处理过后注意及时洗手。目前新型冠状病毒是否经粪-口途径（消化道）传播，虽尚待进一步明确，但通过将食物洗净煮熟，饭前便后洗手等方法可预防病毒经消化道传播。,,0,2020-02-19 17:53:31.473
5e4d059f2815d234df54e56a,131,口罩里垫一张纸巾，就能反复使用？,丁香医生团队辟谣：在口罩里垫纸巾不能延长口罩寿命，反而影响使用效果,,在口罩内部垫纸巾不能起到延长口罩寿命的效果，反而会让气体从纸巾旁边通过，影响气密性，导致口罩失效。一般来讲，一次性口罩不建议重复使用，N95口罩在保存得当的情况下，可以考虑多次使用，但最好不要超过5次。,,0,2020-02-19 17:53:31.473
5e4d059f2815d234df54e56b,135,新冠病毒可通过气溶胶传播？,丁香医生团队：暂不明确。要重视，但不必恐慌,,气溶胶颗粒通常>10微米，一般医用口罩就能阻挡。半径<0.1微米的气溶胶微粒，重量轻，主要在高空，会随风飘走，呼吸到的概率不大。气溶胶质点比表面能很大，又有电荷，病毒很容易被破坏，存活度不高。非医务人员在日常只有达到极高数量级的阈值，部分病毒才能由黏膜进入人体。由气溶胶形式悬停在衣物、皮肤的病毒，只有极微小的比例能通过接触传播。这样的病毒量不太会引发疾病。,,2,2020-02-19 17:53:31.473
5e4d059f2815d234df54e56c,134,钟南山团队开中药凉茶处方?,广州医科大辟谣：只是个别医生开的方子,,近日，「钟南山公开中药预防汤剂」，引发网友热议，报道称此中药凉茶是预防新型冠状病毒肺炎的处方。广州医科大学校长回应，这是广医一附院个别医生开的中药预防方子，他给医护人员喝了以后感觉有所帮助，并不是外界所传说的重大发现。,,0,2020-02-19 17:53:31.473
5e4d059f2815d234df54e56d,133,空气里有气溶胶，绝不能开窗通风？,丁香医生团队辟谣：要分情况，对于一般小区的居民，能开窗通风,,"要减少悬浮的气溶胶的影响，适当的通风措施是必要的。但需要注意，气溶胶是有可能随空气流动的，由于气流方向不当，可导致污染气溶胶流向干净的区域。
如果有居家隔离者，必须单间隔离，或处在全屋出风的位置，公共区域或其它房间自然通风时必须关闭患者所在屋子门窗。
同时注意不要用风扇等高流速设备通风，以免引起湍流，让本已沉降的微粒重新悬浮。",,0,2020-02-19 17:53:31.473
5e4d059f2815d234df54e56e,132,核酸检验频繁假阴性，有大量漏诊？,丁香医生团队辟谣：「核酸检验」是作为新冠病毒确诊标准，但「核酸检测阴性」不是排除感染的依据,,"不用太多担心，「核酸检验」是作为新型冠状病毒确诊标准，但「核酸检测阴性」并不是排除感染的依据。

对于还没确诊的患者，会被列为「疑似患者」。
疑似患者在后续诊治过程中，还会多次进行核酸检测和鉴别诊断，最终得到确诊结果。",,0,2020-02-19 17:53:31.473
5e4d059f2815d234df54e56f,76,电吹风对手和面部吹 30 秒能消毒？,丁香医生团队辟谣：30 秒太短，真吹半小时容易受伤,,杀死新型冠状病毒至少需要56℃，30分钟，可用于物体表面消毒等。电吹风的温度即使能达到56℃甚至更高，对着手和面部持续吹30分钟，也容易造成烫伤等伤害。还是好好洗手，做好清洁吧。,,0,2020-02-19 17:53:31.473
5e4d059f2815d234df54e570,130,核酸检测转阴后，还有可能复发？,丁香医生团队：仅仅是核酸检测转阴，并不意味着康复,,《新型冠状病毒感染的肺炎诊疗方案（试行第五版）》指出，患者出院或解除隔离需同时满足以下三个条件：体温恢复正常3天以上、呼吸道症状明显好转；肺部影像学显示炎症明显吸收；连续两次呼吸道病原核酸检测阴性（采样时间间隔至少1天）。仅仅一次核酸检测阴性并不意味着康复，也就谈不上「复发」。,,2,2020-02-19 17:53:31.473
5e4d05a02815d234df54e571,106,瑞德西韦对治疗新冠肺炎有效？,中日友好医院副院长曹彬教授：临床试验结果未出,,2月6日晚，针对互联网上流传的抗病毒药物瑞德西韦在武汉「显效」的传闻，正在武汉负责该药物临床试验的中日友好医院副院长曹彬教授向中国青年报·中国青年网记者表示：「临床研究今天才开始，怎么可能知道结果？」他强调，科学研究需要时间。,,2,2020-02-19 17:53:31.473
5e4d05a02815d234df54e572,122,15 秒未戴口罩接触病患被感染？,丁香医生团队：莫恐慌，可能并非时间长短的问题,,许多人关注的重点在于「15或50秒未戴口罩接触即感染」，认为患者感染的原因就是病毒在短时间内通过飞沫传播。然而，除飞沫传播外，也可能存在患者手接触确诊者沉淀在物体上的飞沫，导致后续接触传播的情况。根据患者的外出记录，我们并不能肯定地说，他们只接触了15或50秒的那名确诊患者就是唯一的传染源。大家日常注意与人沟通时戴口罩，保持距离，勤洗手即可。,,2,2020-02-19 17:53:31.473
5e4d05a02815d234df54e573,123,多喝水多分泌粘液能防新冠病毒？,上海市公共卫生临床中心林逸骁医生：适当多喝水是有好处，但不能预防新冠病毒,,有人说多喝水能促进口腔、鼻粘膜抗体分泌，从而预防病毒感染。呼吸道、肠道粘膜是有分泌性IgA等保护性抗体，作为机体固有免疫系统抵抗病原体入侵。但没有证据说多喝水能增加粘膜抗体产生。且抗体存在特异性，每种病毒有针对它的特定抗体。针对新冠病毒的抗体，得在感染新冠病毒后，免疫系统才会开始合成和分泌，多喝水并不能使免疫系统产生针对新冠病毒的抗体。,,0,2020-02-19 17:53:31.473
5e4d05a02815d234df54e574,124,普通肺炎的疫苗能预防新冠病毒？,世界卫生组织辟谣 ：不能，肺炎球菌疫苗和乙型流感嗜血杆菌疫苗等肺炎疫苗不能预防新冠肺炎,,近期，网上流传「预防普通肺炎的疫苗能够防止新型冠状病毒感染」的说法。世界卫生组织回应：肺炎球菌疫苗和乙型流感嗜血杆菌疫苗等肺炎疫苗不能预防新型冠状病毒肺炎。新型冠状病毒不同于以往已发现的病毒，它需要自己的疫苗。研究人员正努力开发针对它的疫苗。,,0,2020-02-19 17:53:31.473
5e4d05a02815d234df54e575,119,自来水采用上限标准加氯消毒？,丁香医生团队辟谣：并无此事。即使添加的氯在国标许可的最上限，也不会对健康造成影响,,"南京、温州、泸州等各城市版本的均为谣言。

即使添加的氯在国标许可的最上限，也可以直接喝，并不会对健康造成影响。",,0,2020-02-19 17:53:31.473
5e4d05a02815d234df54e576,103,下雪可以杀死病毒？,丁香医生团队：结论存疑，天气与病毒的关系较为复杂，针对新冠病毒尚无定论,,"天气变化会改变气温、湿度等自然条件，这些条件变化，确实会影响病毒的状态。

但根据过往的研究，有些病毒病毒能耐高温，有些病毒反而喜欢寒冷。

目前我们面临一种缺乏了解的新型冠状病毒，低温能否杀灭尚无定论，请勿轻信传言，不要因为下雪就放松警惕、频繁外出。",,2,2020-02-19 17:53:31.473
5e4d05a02815d234df54e577,121,沐舒坦可以防止新冠肺炎？,丁香医生团队：无充分证据表明沐舒坦能防止新冠肺炎,,沐舒坦的主要成分是盐酸氨溴索，研究发现它可以阻碍病毒进入细胞内，有望用于新冠肺炎的治疗。但目前研究仅在基础阶段，是否真的有效，还需要进一步临床试验证实。,,2,2020-02-19 17:53:31.473
5e4d05a02815d234df54e578,117,病毒防护卡挂身上能防新冠病毒？,丁香医生团队辟谣：一张卡片杀死新冠病毒？咋不上天呢！,,"卡片中主要活性成分亚氯酸钠，在接触空气时释放的ClO₂是可以消除病菌，但它不稳定，很容易就分解了，而且作为气体，移动的人暴露在流动的空气中，这张卡片的效果基本就没有。而且ClO₂在动物体内，会降低动物甲状腺素的分泌量，还会增加溶血性贫血风险。
卡片上还有对皮肤黏膜有强烈刺激性的成分，万一孩子拆开玩，不小心吃下、撒入眼睛或接触敏感部位，都会有危险。",,0,2020-02-19 17:53:31.473
5e4d05a02815d234df54e579,116,用生理盐水洗鼻子可预防新冠病毒？,WHO 辟谣：没有证据表明，经常用生理盐水冲洗鼻子可以防止感染新冠病毒,,有一些有限的证据表明，经常用生理盐水清洗鼻子可以帮助人们更快地从普通感冒中恢复过来。然而，经常清洗鼻子并不能预防呼吸道感染。,,0,2020-02-19 17:53:31.473
5e4d05a02815d234df54e57a,115,益生菌能提高免疫力预防新冠肺炎？,丁香医生团队辟谣：益生菌是否能提高免疫力都有待商榷，更别说预防新冠肺炎了,,"益生菌对人体的主要作用是改善肠道菌群。迄今为止的科学研究虽然很多，但基本上都是通过补充特定益生菌改变了特定的生理指标。
这种改变被演绎成「提高免疫力」。事实上，「提高免疫力」本身，就只是一个营销概念，并没有明确的科学内涵。用益生菌提高免疫力，无异于「大海捞针」，效果虚无缥缈。",,0,2020-02-19 17:53:31.473
5e4d05a12815d234df54e57b,108,鞋要与居室隔离，不要放在家里？,丁香医生团队：确实需要注意，建议将外穿的鞋子放置于门外,,建议将外穿的鞋子放置于门外。或用鞋盒、鞋套将鞋子「隔离」，放在玄关，减小室内被污染的风险。如果小区有人感染新型冠状病毒，如何保护自己和家人？有哪些值得注意的地方？去丁香医生公众号回复「小区」即可查看。,,1,2020-02-19 17:53:31.473
5e4d05a12815d234df54e57c,110,新冠病毒可以通过蚊虫叮咬传播？,丁香医生团队辟谣：目前没有证据,,《新型冠状病毒感染的肺炎诊疗方案（试行第五版）》指出「经呼吸道飞沫和接触传播是主要的传播途径。气溶胶和消化道等传播途径尚待明确」并没有提到虫媒传播（蚊虫叮咬传播）。,,0,2020-02-19 17:53:31.473
5e4d05a12815d234df54e57d,113,别往空气中喷撒酒精，会爆炸？,清华大学化学系孙亚飞博士：确实要注意,,"如果在空气中乱喷，容易因为局部过浓而爆燃。
喷洒酒精之后，会有一部分酒精发生气化，浓度虽有所降低，但是与氧气的接触却更充分了，所以空气中只要有3.5%左右的酒精，遇到明火、静电火花乃至一些高温物体，就足以发生爆炸。
因此，在喷洒酒精时，务必注意用量，不要过度喷洒导致空气中挥发的酒精太多，更不能直接对着空气喷洒，也不要对着人喷洒。",,1,2020-02-19 17:53:31.473
5e4d05a12815d234df54e57e,112,有人在身上喷消毒水烧着了？,平安天津辟谣：实为男子杀人未遂后引燃汽油,,近日，有网络传言和视频称，天津一男子在自己衣服上喷了含酒精的消毒水，然后开车时抽烟引发燃爆，不小心把自己烧死了。据平安天津微博发布：实为男子杀人未遂后引燃汽油。不过也要提醒大家，使用酒精等消毒剂进行消毒的时候一定要注意安全。,,0,2020-02-19 17:53:31.473
5e4d05a12815d234df54e57f,111,比口罩更重要的是手套？,李兰娟院士辟谣：日常不用戴手套,,李兰娟院士表示：不在医院，只是日常外出，不用专门戴手套。关键是要勤洗手，养成洗手、在外面不用手抠鼻子、揉眼睛的好习惯。,,0,2020-02-19 17:53:31.473
5e4d05a12815d234df54e580,120,无症状患者也会传播新冠病毒？,丁香医生团队：可能会，但无症状感染者的传播力较弱,,"国家医疗专家组成员李兴旺在2月5日下午的发布会上表示：「无症状感染者的病毒载量可能比较少，其传播力也会较弱。」
而世界卫生组织表示：「根据对MERS的观察，其他冠状病毒通过无症状者传播的情况非常罕见。」如何知道自己或身边的人是不是无症状感染者？去丁香医生公众号回复「无症状」即可查看。",,2,2020-02-19 17:53:31.473
5e4d05a12815d234df54e581,107,84 消毒液不能和洁厕灵一起用？,丁香医生团队：确实，含氯消毒剂不能和洁厕灵同时使用，容易产生有毒气体,,含氯消毒剂不能和洁厕灵同时使用，容易产生有毒气体；也不推荐和酒精同时使用，消毒效果可能减弱甚至可能产生有毒气体；储存应在低温、阴凉处和儿童触摸不到的地方；如有必要，要先使用洁厕灵，然后在使用含氯消毒剂消毒之前应对其彻底冲洗。,,1,2020-02-19 17:53:31.473
5e4d05a12815d234df54e582,109,中央空调会传染病毒？,张文宏教授：中央空调有传播疾病的可能,,沪医疗救治专家组组长、华山医院教授张文宏主编的《张文宏教授支招防控新型冠状病毒》中提到：中央空调有传播疾病的可能。疫情期间停止或减少使用中央空调，必须开空调时，要同时开排风扇。要定期清洗空调，每天定时开启门窗，进行通风换气。,,1,2020-02-19 17:53:31.473
5e4d05a12815d234df54e583,105,新冠病毒会通过下水道传播？,丁香医生团队：不能排除有这一可能,,"浙江大学医学院附属第一院传染病科主任医师肖永红接受人民网采访中表示：

「对于下水道密闭性不是特别严格的小区而言，有些问题是需要注意的。比如，发现下水道有反水、漏水的情况，应当加强马桶或便器的密封性。对于一些使用旱厕的农村地区，则需要定期对厕所进行消毒。」",,2,2020-02-19 17:53:31.473
5e4d05a12815d234df54e584,102,印度学者：新冠病毒是人造的？,丁香医生团队辟谣：不实言论，存在蓄意误导的可能性,,"印度学者认为，新冠病毒被插入了HIV病毒的几个片段，并暗示这是人造的。然而，仔细研究发现，他研究的这几个片段，在其他大量病毒里存在。那为何单单把HIV挑出来说事儿呢？因此存在蓄意误导的可能性。

根据最新的消息：该文章的第一作者，在全球学者的批评和评论压力下，终于意识到了自己分析的问题和技术错误。他在评注中说这个文章是粗浅的研究，决定要撤回现稿。",,0,2020-02-19 17:53:31.473
5e4d05a12815d234df54e585,104,新冠病毒会通过粪口传播？,钟南山院士回应：是有可能的，粪便是否传染病毒值得高度警惕,,钟南山院士表示：「病毒有可能通过粪口传播。现在这个问题应该非常重视，因为在粪便里发现病毒，粪便是否传染病毒值得高度警惕。在湖北、江西有些地方，确实有使用便桶习惯，还放在鱼塘里洗，确实要引起防控注意。从调查来看，已经患病的人，在粪便带病毒有多少，要一步一步来调查。从了解来看，尿初步没有，但大便确实要引起注意。」,,2,2020-02-19 17:53:31.473
5e4d05a22815d234df54e586,95,丁香医生说童子尿可预防新冠病毒？,丁香医生团队辟谣：PS 技术挺好，差点自己都信了呢,,我没说，不是我，别瞎说。网传的「童子尿可预防新冠病毒」丁香医生认证图片实为PS所造。,,0,2020-02-19 17:53:31.473
5e4d05a22815d234df54e587,96,目前还没有可防治新冠病毒的药物？,WHO 证实：到目前为止，还没有专门用于预防和治疗新冠病毒的药物,,WHO证实：到目前为止，还没有专门用于预防和治疗新冠病毒的药物。感染者应该接受用于缓解和针对症状的治疗，而病情严重的患者应该得到针对其所有病症的最佳的支持性治疗。特定的治疗方法正在研究中，并将通过临床试验进行测试。,,1,2020-02-19 17:53:31.473
5e4d05a22815d234df54e588,100,金银花有望防控新冠病毒感染？,丁香医生团队：目前仅有动物实验，实验用的剂量和提取方式，和日常饮食摄入的还是有很大差距。,,目前关于金银花研究较多来自体外环境细胞实验的研究，即使在动物实验中表现出一定的抗病毒效果，也不能推及在人体内的效果。同时，已有研究显示抗病毒活性成分的剂量关系及生物利用度还并不理想，目前还没有足够有力的临床试验数据证明金银花的抗病毒效果。最重要的，实验用的剂量和提取方式，和日常饮食摄入的还是有很大差距，大剂量使用可能带来不良反应，切勿自行以预防为目的的服用。,,2,2020-02-19 17:53:31.473
5e4d05a22815d234df54e589,94,双黄连可以预防新冠病毒？,丁香医生团队辟谣：现有临床研究数据不足，不建议用双黄连预防新冠病毒,,2013和2014年的国家药品不良反应监测年度报告显示，双黄连合剂（口服液、颗粒、胶囊、片）在中成药口服制剂中不良反应中分列第二名和第一名。而关于它在人体中「可抑制新型冠状病毒」的效果，目前的公开数据不足以得到证明。,,0,2020-02-19 17:53:31.473
5e4d05a22815d234df54e58a,98,挂烫机可杀灭衣服上的新冠病毒？,丁香医生团队辟谣：有这闲工夫，不如加点消毒水把衣服洗了,,56℃且持续30分钟是用高温杀死新冠病毒的两个必备条件，也就是说，得对衣服的每一个部位都烫30分钟以上才有效。有这闲工夫，不如加点消毒水把衣服洗了。,,0,2020-02-19 17:53:31.473
5e4d05a22815d234df54e58b,77,用 56℃ 的热水洗澡能对抗病毒？,丁香医生团队辟谣：洗热水澡也无法提升体内温度，不能对抗病毒，还可能会有生命危险。,,杀死新型冠状病毒至少需要56℃，30分钟，可用于物体表面消毒等。人在56℃的水里洗半小时，可能会得热射病，有生命危险。人体的体温是相对恒定的，洗热水澡也无法提升体内温度，无法预防病毒。,,0,2020-02-19 17:53:31.473
5e4d05a22815d234df54e58c,88,紫外线消毒灯能杀灭新冠病毒？,国家卫健委：冠状病毒对紫外线敏感,,在国家卫健委印发的《新型冠状病毒感染的肺炎诊疗方案（试行第五版）》中提到「冠状病毒对紫外线和热敏感，大部分消毒剂可有效灭活病毒。」紫外线消毒灯要严格按照说明书的要求使用。且人和宠物都要离开正在消毒的房间，以免对皮肤和眼睛造成损伤。,,1,2020-02-19 17:53:31.473
5e4d05a22815d234df54e58d,97,含姜片可以预防新冠病毒？,丁香医生团队辟谣：目前尚无证据证明姜可以预防病毒，更没有证据证明可以预防新冠病毒,,目前尚无证据证明姜可以预防病毒，更没有证据证明可以预防新冠病毒。目前的证据显示，新型冠状病毒经呼吸道飞沫传播是主要的传播途径，亦可通过接触传播，所以，即便姜片有用，含在嘴里也不能阻碍感染。,,0,2020-02-19 17:53:31.473
5e4d05a22815d234df54e58e,99,怀孕后确诊新冠肺炎，孩子不能要？,国家卫健委：没有母婴传播的证据，但必要的时候会和产科医生等共同讨论是否继续妊娠,,国家卫健委在2月1日举行的新闻发布会上表示：目前没有足够数据证实母胎传播，会综合病人的基本情况，必要的时候会和产科医生等，共同讨论是否继续妊娠还是终止妊娠，要以保证孕妇的安全为前提。妊娠早期的持续高热，本身对早孕期的胚胎组织有一定的危害。,,2,2020-02-19 17:53:31.473
5e4d05a32815d234df54e58f,92,新冠病毒通过眼神对视传播？,丁香医生团队辟谣：系编造，造谣网民已被依法处罚,,"在国家卫健委印发的《新型冠状病毒感染的肺炎诊疗方案（试行第四版）》中显示，新型冠状病毒经呼吸道飞沫传播是主要的传播途径，亦可通过接触传播。而眼神对视不属于前述任何一种。
另外，造谣网民已被依法处罚。",,0,2020-02-19 17:53:31.473
5e4d05a32815d234df54e590,79,喝 60℃ 的水可以杀死病毒？,丁香医生团队辟谣：人体是恒温的，会散热。真保持体温 56℃ 半小时的话，那杀死的怕不只是病毒了,,再次强调，杀死新型冠状病毒至少需要56℃，30分钟，可用于物体表面消毒等，不能作用于人体。人体通过产热和散热，会将体温维持在一个正常的范围。真保持体温56℃半小时的话，那杀死的怕不只是病毒了。,,0,2020-02-19 17:53:31.473
5e4d05a32815d234df54e591,86,散步会感染新型冠状病毒肺炎？,武汉市第九医院辟谣：我院没出过这样的通知,,"网上出现了武汉市第九医院的一个紧急通知，说是散步会感染新型冠状病毒肺炎。

对此，武汉市第九医院院长刘明瑜表示：「这是谣言，我们根本没出这样的通知，请大家不要相信。」",,0,2020-02-19 17:53:31.473
5e4d05a32815d234df54e592,85,喷嚏一打几米远，病毒可悬浮一天？,丁香医生团队：交流要保持距离；病毒不会在空气中悬浮,,一般情况下，飞沫传播只有与传染源近距离接触时才可能实现。飞沫传播在1～2米之间，距离传染源1米以外相对安全，2米开外就很安全了，所以讲话交流最少相隔1米，最好2米。飞沫从人体出来很快就沉降了，不会在空气中悬浮。,,2,2020-02-19 17:53:31.473
5e4d05a32815d234df54e593,81,N95 口罩消毒可继续用？,丁香医生团队：吹风机吹或者喷洒酒精，都可能破坏口罩的保护作用,,美国疾控中心指出N95口罩在特殊情况下（比如口罩供应不足等），可在严格规范下「延长使用期限」以及「有限重复使用」。前者指一次佩戴不取下来，去接触不同的病人；后者指在满足一定条件下，可重复使用一定次数。若厂家说明了可重复使用次数，那以厂家说的为准；若没说明，那「不超过5次」。吹风机吹或者喷洒酒精，都可能会破坏口罩的保护作用。,,2,2020-02-19 17:53:31.473
5e4d05a32815d234df54e594,56,口罩越厚，防病毒效果越好？,丁香医生团队辟谣：口罩厚度不等同于防护效果，医用外科口罩摸上去比较薄，但过滤效率却很高,,医用外科口罩摸上去比较薄，但过滤效率却很高。阻水层、过滤层、吸湿层这三层有效阻挡了病毒入侵。而市面上的一般棉布口罩，虽然厚实，但基本上不具备预防传染病的作用，不可靠。,,0,2020-02-19 17:53:31.473
5e4d05a42815d234df54e595,80,酒精浓度越高，消毒效果越好？,丁香医生团队辟谣：浓度 60-80% 都有效，65-75% 效果最佳,,浓度为60%～80%的乙醇是一种有效的杀毒剂，65-75%效果最佳，可以灭活所有亲脂病毒和许多亲水性病毒。但是，90%的酒精浓度可能会降低消毒效力，因为病毒中含有的基本物质蛋白质，在无水的情况下不容易发生变异。75%以上浓度的白酒也可以稀释后用作物体表面的消毒，但效果肯定没有医用酒精好。但这是应急的一招，不可长期使用。,,0,2020-02-19 17:53:31.473
5e4d05a42815d234df54e596,42,新冠病毒 2018 年就发现了？,中科院辟谣：并非同一种,,新型冠状病毒感染的肺炎疫情发生后，有网友翻出2018年「科学家发现新型冠状病毒」的旧闻，怀疑「是否两年前就已发现如今正在肆虐的新型冠状病毒」。记者今天向中科院求证，该院武汉病毒研究所称2018年报道的“病毒”，与此次引发肺炎疫情的2019-nCov并非「同一种病毒」。,,0,2020-02-19 17:53:31.473
5e4d05a42815d234df54e597,9,服用 VC 可以预防感染？,丁香医生团队：现有研究证据不足，过度服用会中毒,,"现有研究证据不足，且证据级别不够，尚未能表明VC能预防新型冠状病毒，也尚未能表明VC有抵抗病毒的作用。
普通感冒前，部分人群长期补充VC可以缩短病程，造成很多人有VC可以抵抗流感、提高免疫力的印象。也有一些人会把补充VC当作万能药，没事就给自己补一点。在新型冠状病毒的疫情下，别为了安心就大剂量地使用VC，会导致腹泻、皮疹等中毒现象。",,2,2020-02-19 17:53:31.473
5e4d05a42815d234df54e598,6,吃抗生素可以预防新冠病毒?,丁香医生团队辟谣：抗生素作用于细菌，对病毒无效,,抗生素作用于细菌，对病毒无效。在武汉同济、武汉协和同时发布新型冠状病毒肺炎快速诊疗指南中，也明确指出要避免盲目或不恰当的抗菌药物治疗，尤其是联合应用广谱抗菌药物。,,0,2020-02-19 17:53:31.473
5e4d05a52815d234df54e599,20,吃奥司他韦可以预防新冠病毒?,丁香医生团队辟谣：适用于流感治疗，目前还没有证据表明奥司他韦能治疗新冠病毒感染,,"新型冠状病毒，是一种先前尚未在人类中发现的冠状病毒。
而奥司他韦是治疗流感的特效药，作用靶点与流感病毒相关，目前尚没有证据显示其对于新型冠状病毒具有临床疗效。",,0,2020-02-19 17:53:31.473
5e33f94b0c6cbdd5bca66176,5,人会传染宠物？宠物染病会传染人？,世界卫生组织回应：目前没有证据显示狗猫等宠物会感染新型冠状病毒,,与宠物接触后，用肥皂和水洗手可以显著减少其他常见细菌在宠物和人类之间的传播，如大肠杆菌和沙门氏菌。」但如果宠物在外面明确接触到新型冠状病毒肺炎患者，谨慎起见，还是需要将宠物进行隔离观察。请大家爱惜宠物，不要随意遗弃。,,2,2020-01-31 17:54:18.985
5e33f8c50c6cbdd5bca66174,5,人会传染宠物？宠物染病会传染人？,世界卫生组织回应：目前没有证据显示狗猫等宠物会感染新型冠状病毒,,世界卫生组织回应：「目前没有证据显示狗猫等宠物会感染新型冠状病毒。与宠物接触后，用肥皂和水洗手可以显著减少其他常见细菌在宠物和人类之间的传播，如大肠杆菌和沙门氏菌。」但如果宠物在外面明确接触到新型冠状病毒肺炎患者，谨慎起见，还是需要将宠物进行隔离观察。请大家爱惜宠物，不要随意遗弃。,,2,2020-01-31 17:52:05.366
5e33d2030c6cbdd5bca66147,84,别吃鱼，某地有121个鱼塘感染？,丁香医生团队查证：青海、南宁、丽江等各城市版本的均为编造。正规渠道售卖的仍可放心吃。,,青海、南宁、丽江等各城市版本的均为编造。另外，此次新型冠状病毒来源是非法销售的野生动物，目前未明确中间宿主。但正规渠道售卖的各类肉制品仍可彻底煮熟后食用。,,0,2020-01-31 15:06:42.875
5e33d1750c6cbdd5bca66146,93,喝茶可以预防新冠病毒？,丁香医生团队辟谣：补水挺好，预防病毒没用,,目前尚无证据证明喝茶可以预防新冠病毒。尽量保持室内空气流通，注意卫生，勤洗手，吃熟食，远离人群就是最好的预防手段了。,,0,2020-01-31 15:04:20.294
5e33cc780c6cbdd5bca66145,92,新冠病毒通过眼神对视传播？,丁香医生团队辟谣：系编造，造谣网民已被依法处罚。,,"在国家卫健委印发的《新型冠状病毒感染的肺炎诊疗方案（试行第四版）》中显示，新型冠状病毒经呼吸道飞沫传播是主要的传播途径，亦可通过接触传播。而眼神对视不属于前述任何一种。
另外，造谣网民已被依法处罚。",,0,2020-01-31 14:43:03.296
5e33ca030c6cbdd5bca66144,91,晒太阳可以杀灭新型冠状病毒？,丁香医生团队辟谣：太阳的照射温度达不到 56℃，且日照紫外线也达不到紫外线消毒灯的强度,,太阳的照射温度达不到56℃，且日照紫外线也达不到紫外线消毒灯的强度，不论从哪一个角度都不能达到杀灭病毒的要求。若要外出晒太阳，仍需戴好口罩，做好必要防护。,,0,2020-01-31 14:32:34.486
5e33c9790c6cbdd5bca66143,81,用了7天的N95口罩消毒可继续用？,丁香医生团队：吹风机吹或者喷洒酒精，都可能破坏口罩的保护作用,,美国疾控中心指出N95口罩在特殊情况下（比如口罩供应不足等），可在严格规范下「延长使用期限」以及「有限重复使用」。前者指一次佩戴不取下来，去接触不同的病人；后者指在满足一定条件下，可重复使用一定次数。若厂家说明了可重复使用次数，那以厂家说的为准；若没说明，那「不超过5次」。7天大大超过了这个次数。吹风机吹或者喷洒酒精，都可能会破坏口罩的保护作用。,,2,2020-01-31 14:30:17.702
5e33c4fd0c6cbdd5bca66141,5,人会传染宠物？宠物染病会传染人？,世界卫生组织回应：目前没有证据显示狗猫等宠物会感染新型冠状病毒,,世界卫生组织回应：「目前没有证据显示狗猫等宠物会感染新型冠状病毒。目前没有证据显示狗猫等宠物会感染新型冠状病毒。与宠物接触后，用肥皂和水洗手可以显著减少其他常见细菌在宠物和人类之间的传播，如大肠杆菌和沙门氏菌。」但如果宠物在外面明确接触到新型冠状病毒肺炎患者，谨慎起见，还是需要将宠物进行隔离观察。请大家爱惜宠物，不要随意遗弃。,,2,2020-01-31 14:11:09.096
5e33c4350c6cbdd5bca6613c,80,酒精浓度越高，消毒效果越好？,丁香医生团队辟谣：浓度为 60% - 80% 的乙醇才有效,,浓度为60%～80%的乙醇是一种有效的杀毒剂，可以灭活所有亲脂病毒和许多亲水性病毒。但是，90%的酒精浓度可能会降低消毒效力，因为病毒中含有的基本物质蛋白质，在无水的情况下不容易发生变异。,,0,2020-01-31 14:07:48.745
5e33c2e80c6cbdd5bca66139,78,带毛领或绒线的外套容易吸附病毒？,丁香医生团队辟谣：从流感病毒的性质推测，病毒更喜欢光滑无孔的表面，在毛织品上留存时间更短。,,在普通家居、出行生活中，不必考虑衣物材质和静电问题对病毒吸附的影响，舒适为主。病毒通过飞沫传播，并不是单独在空气中，其可能在任何材质的衣物上停留，双手勿接触口鼻眼等、回家及时洗手、做好外套的消毒与吹风，比材质选择更重要。,,0,2020-01-31 14:02:15.836
5e33c1160c6cbdd5bca66138,62,不要收现金，会感染新冠病毒？,丁香医生团队：无论何时，接触了现金都要洗手,,现金流通渠道复杂，确实会有很多细菌病毒等病原体，但并不是接触了就一定会感染，而是不洗手又揉眼睛、拿东西吃或摸伤口等。无论是否防范新型冠状病毒，都建议大家在使用现金后，注意洗手、正确洗手，避免脏手接触眼睛、口鼻。,,2,2020-01-31 13:54:29.718
5e33be390c6cbdd5bca6612b,57,用微波炉加热口罩可以消毒？,丁香医生团队辟谣：不可以，不然微波炉和口罩都废了,,无论是用微波炉、电烤箱还是蒸锅加热口罩，一方面口罩内部结构破坏，口罩无法再次使用；另一方面，微波炉、电烤箱和蒸锅由于处理医疗垃圾，也不能继续加热食物。,,0,2020-01-31 13:42:16.653
5e33bca90c6cbdd5bca66125,79,喝60℃的水可以杀死病毒？,丁香医生团队辟谣：人体是恒温的，会散热。真保持体温 56℃ 半小时的话，那杀死的怕不只是病毒了,,再次强调，杀死新型冠状病毒至少需要56℃，30分钟，可用于物体表面消毒等，不能作用于人体。人体通过产热和散热，会将体温维持在一个正常的范围。真保持体温56℃半小时的话，那杀死的怕不只是病毒了。,,0,2020-01-31 13:35:37.536
5e33bc670c6cbdd5bca66123,89,中国被列入「疫区国」？,丁香医生团队辟谣：根本没有「疫区国」的概念,,针对此次新型病毒感染，WHO尚未发表中国为「疫区」的声明。很多人在讨论的PHEIC翻译过来是「国际公共卫生紧急事件」，是世卫组织发出的警示信息。根据《国际卫生条例（2005）》规定，PHEIC只是给各国的建议，不是强制措施。,,0,2020-01-31 13:34:30.839
5e33b8c50c6cbdd5bca66122,65,看到鄂牌车辆就打长沙疾控电话？,长沙市新型冠状病毒肺炎防控指挥部辟谣：错误说法,,「看到鄂A牌照（或湖北牌照）车辆就拨打110或长沙市疾控值班电话或12345市民热线」是错误说法。上述电话均不承担此职能。大量电话打入，已严重影响上述电话原职能履行，请广大市民不再随意拨打上述电话。正确做法是报属地社区，协助做好信息登记、体温检查、防病监测等工作。,,0,2020-01-31 13:18:58.661
5e33b8810c6cbdd5bca6611f,29,将有6万武汉人员来杭?,杭州市「冠状病毒肺炎」防控指挥部：不实信息,,近日，网上出现的关于「将有6万武汉人员从境外来杭」「杭州于26日中午12点开始封城」「政府安排飞机洒消毒药水」等，均为不实信息。公安部门对不实信息发布者肖某某等7人依法进行了处理，责令其删除不实信息。,,0,2020-01-31 13:17:51.900
5e33b8810c6cbdd5bca66120,30,上海已限制外牌车辆进沪?,12122 路政服务热线核实：不存在「限制外牌车辆进入」的情况,,"解放日报·上观新闻记者就此咨询12122路政服务热线。客服人员告诉记者，上海不存在「限制外牌车辆进入」的情况，车辆通行正常。
此外，记者从上海市公安局相关人员处了解到，公安部门目前并未接到有关「限制外牌车辆进沪」的通知。",,0,2020-01-31 13:17:51.900
5e33b8820c6cbdd5bca66121,31,南京封城、封路?,南京发布辟谣：从未收到过相关命令,,最近，有人网传南京高速公路禁止外地车辆驶入，据南京交管部门，这种说法纯属谣言，交警只是针对外地车辆，配合卫生部门做好防疫工作。南京交警从未在高速公路设卡阻止外牌车进城，也从未收到过「封城」、「封路」的命令。,,0,2020-01-31 13:17:51.900
5e33b83f0c6cbdd5bca6611e,29,将有6万武汉人员来杭?,杭州市“冠状病毒肺炎”防控指挥部：不实信息,,近日，网上出现的关于「将有6万武汉人员从境外来杭」「杭州于26日中午12点开始封城」「政府安排飞机洒消毒药水」等，均为不实信息。公安部门对不实信息发布者肖某某等7人依法进行了处理，责令其删除不实信息。,,0,2020-01-31 13:16:45.217
5e33b7fc0c6cbdd5bca6611d,18,不吃野味就不会被感染?,丁香医生团队辟谣：目前新冠病毒的感染已超出人兽范围,,目前新型冠状病毒感染已经超出人兽范围，可以人传人，以呼吸道传播为主，亦可通过接触传播。,,0,2020-01-31 13:15:38.590
5e33b7b90c6cbdd5bca6611c,9,服用VC可以预防感染？,丁香医生团队：现有研究证据不足，过度服用会中毒,,"现有研究证据不足，且证据级别不够，尚未能表明VC能预防新型冠状病毒，也尚未能表明VC有抵抗病毒的作用。
普通感冒前，部分人群长期补充VC可以缩短病程，造成很多人有VC可以抵抗流感、提高免疫力的印象。也有一些人会把补充VC当作万能药，没事就给自己补一点。在新型冠状病毒的疫情下，别为了安心就大剂量地使用VC，会导致腹泻、皮疹等中毒现象。",,2,2020-01-31 13:14:31.906
5e33b7760c6cbdd5bca6611b,42,新冠病毒2018年就发现了？,中科院辟谣：并非同一种,,新型冠状病毒感染的肺炎疫情发生后，有网友翻出2018年「科学家发现新型冠状病毒」的旧闻，怀疑「是否两年前就已发现如今正在肆虐的新型冠状病毒」。记者今天向中科院求证，该院武汉病毒研究所称2018年报道的“病毒”，与此次引发肺炎疫情的2019-nCov并非「同一种病毒」。,,0,2020-01-31 13:13:25.269
5e33b7330c6cbdd5bca66119,80,酒精浓度越高，消毒效果越好？,丁香医生团队辟谣：浓度为 60% - 80% 的乙醇才有效,,浓度为60%-80%的乙醇是一种有效的杀病毒剂，可灭活所有亲脂病毒（如疱疹病毒、痘苗病毒和流感病毒）和许多亲水性病毒（如腺病毒、肠道病毒、鼻病毒和轮状病毒。过高的浓度可能会降低效力，因为蛋白质在无水的情况下不容易发生变性。,,0,2020-01-31 13:12:18.572
5e33b7330c6cbdd5bca6611a,40,钟南山：全国人民在家隔离两周？,广州医科大学附属第一医院辟谣：情况不实,,广州医科大学附属第一医院相关负责人表示，钟南山院士从未提出「全中国人民在家隔离两周」的建议。但钟南山院士强调注意防护，早发现、早隔离，尽可能减少传播，减少出现「超级传播者」的概率。重视防护，但也不必恐慌。尽量减少走亲访友，少去人员密集的场所，出门戴口罩，在室内注意通风，勤洗手，多运动，少熬夜。,,0,2020-01-31 13:12:18.572
5e33b6f00c6cbdd5bca66117,83,私人邮寄口罩被海关征用？,上海海关辟谣：海关不会征用你的口罩！,,"遇到此类谣言该怎么办？
请务必记住这个「灵魂三拷问」
1、有没有单号？
2、包裹寄到那个地区？
3、哪家快递公司承运的？

无论对方提供与否，大家都可以第一时间向官方求证，并提供相关情况，切勿在网上进行二次传播。",,0,2020-01-31 13:11:11.887
5e33b6f00c6cbdd5bca66118,53,多喝单枞茶多吃草莓可防肺炎？,经查证：系编造,,网络上流传2张截图，配文分别称「钟南山发布多喝单枞茶对防止肺炎有重大效果」「国家卫生局发布多吃草莓对防止肺炎有重大效果」。这2张截图都是假的。钟南山院士曾就肺炎疫情接受过媒体采访，并没有提到过前述的信息。目前我国并没有「国家卫生局」这个机构，只有国家卫健委。国家卫健委也并没发布过前述的信息。,,0,2020-01-31 13:11:11.887
5e33b6ad0c6cbdd5bca66115,57,用微波炉加热口罩可以消毒？,丁香医生团队辟谣：不可以，不然微波炉和口罩都废了,,如果用微波炉或电烤箱加热口罩，一方面口罩内部结构破坏，口罩无法再次使用；另一方面，微波炉或电烤箱由于处理医疗垃圾，也不能继续加热食物。,,0,2020-01-31 13:10:05.208
5e33b6ae0c6cbdd5bca66116,63,新冠病毒定名为SARI？,丁香医生团队辟谣：SARI 是「严重急性呼吸道感染」的英文缩写,,SARI是英文severeacuterespiratoryinfections的缩写，中文意思为严重急性呼吸道感染。此次爆发于的新冠疫情，目前暂时被命名为新型冠状病毒，英文为2019NovelCoronavirus(2019-nCoV)。2019-nCoV可以导致SARI，但并不是所有的SARI都是2019-nCoV引起的。,,0,2020-01-31 13:10:05.208
5e33b66b0c6cbdd5bca66114,88,紫外线消毒灯能杀灭新冠病毒？,国家卫健委：冠状病毒对紫外线敏感,,在国家卫健委印发的《新型冠状病毒感染的肺炎诊疗方案（试行第四版）》中提到「病毒对紫外线和热敏感，56℃30分钟、乙醚、75%乙醇、含氯消毒剂、过氧乙酸和氯仿等脂溶剂均可有效灭活病毒。」紫外线消毒灯要严格按照说明书的要求使用。且人和宠物都要离开正在消毒的房间，以免对皮肤和眼睛造成损伤。,,1,2020-01-31 13:08:58.541
5e33b6280c6cbdd5bca66113,76,电吹风对手和面部吹30秒能消毒？,丁香医生团队辟谣：30 秒太短，真吹半小时容易受伤,,杀死新型冠状病毒至少需要56℃，30分钟，可用于物体表面消毒等。电吹风的温度即使能达到56℃甚至更高，对着手和面部持续吹30分钟，也容易造成烫伤等伤害。还是好好洗手，做好清洁吧。,,0,2020-01-31 13:07:51.863
5e33b5e50c6cbdd5bca66112,81,用了7天的N95口罩消毒可继续用？,丁香医生团队辟谣：吹风机吹或者喷洒酒精，都可能破坏口罩的保护作用,,美国疾控中心指出N95口罩在特殊情况下（比如口罩供应不足等），可在严格规范下「延长使用期限」以及「有限重复使用」。前者指一次佩戴不取下来，去接触不同的病人；后者指在满足一定条件下，可重复使用一定次数。若厂家说明了可重复使用次数，那以厂家说的为准；若没说明，那「不超过5次」。7天大大超过了这个次数。吹风机吹或者喷洒酒精，都可能会破坏口罩的保护作用。,,0,2020-01-31 13:06:45.189
5e33b5a20c6cbdd5bca6610e,5,人会传染宠物？宠物染病会传染人？,世界卫生组织回应：目前没有证据显示狗猫等宠物会感染新型冠状病毒,,世界卫生组织回应：「目前没有证据显示狗猫等宠物会感染新型冠状病毒。目前没有证据显示狗猫等宠物会感染新型冠状病毒。与宠物接触后，用肥皂和水洗手可以显著减少其他常见细菌在宠物和人类之间的传播，如大肠杆菌和沙门氏菌。」家里养宠物的人不用太担心，更不要随便遗弃宠物。,,2,2020-01-31 13:05:38.494
5e33b5a20c6cbdd5bca6610f,89,中国被列入疫区国？,丁香医生团队辟谣：根本没有「疫区国」的概念,,针对此次新型病毒感染，WHO尚未发表中国为「疫区」的声明。很多人在讨论的PHEIC翻译过来是「国际公共卫生紧急事件」，是世卫组织发出的警示信息。根据《国际卫生条例（2005）》规定，PHEIC只是给各国的建议，不是强制措施。,,0,2020-01-31 13:05:38.494
5e33ae160c6cbdd5bca66100,62,不要收现金，会感染新冠病毒？,丁香医生团队：无论何时，接触了现金都要洗手,,现金流通渠道复杂，确实会有很多细菌病毒等病原体，无论是否防范新型冠状病毒，都建议大家在使用现金后，注意洗手、正确洗手，避免脏手接触眼睛、口鼻。,,2,2020-01-31 12:33:26.100
5e33ad910c6cbdd5bca660fe,62,不要收现金，会感染新冠病毒？,丁香医生团队：无论何时，接触了钱币都要洗手,,钱币流通渠道复杂，本身难免会附着病菌，肺炎疫情的出现可能也会增加钱币上的病菌种类。但接触了不一定会感染，而是接触后又揉眼睛、拿东西吃、摸伤口等。无论有没有疫情，我们都建议摸过钱币后及时洗手。,,2,2020-01-31 12:31:12.846
5e33ad0b0c6cbdd5bca660fd,90,病毒会存在手机和电梯按键上？,丁香医生团队：接触手机、电梯按键后，需要及时洗手,,"根据SARS病毒的特点，推测新型冠状病毒可在金属、塑料上存活2～3天，但存活不代表可达到传染条件。
手机、电梯按键存在的细菌和病毒数量种类众多，不管是否沾染上带有冠状病毒的飞沫，接触后都需好好洗手。不要用脏手碰口鼻、揉眼睛，更不要一边吃东西一边玩手机。
无症状密切接触史者和轻微症状居家隔离者的手机，需好好消毒，不要触碰。",,1,2020-01-31 12:28:59.647
5e33ab7c0c6cbdd5bca660fa,89,中国被列入疫区国？,丁香医生团队辟谣：根本没有“疫区国”的概念,,针对此次新型病毒感染，WHO尚未发表中国为「疫区」的声明。很多人在讨论的PHEIC翻译过来是「国际公共卫生紧急事件」，是世卫组织发出的警示信息。根据《国际卫生条例（2005）》规定，PHEIC只是给各国的建议，不是强制措施。,,0,2020-01-31 12:22:20.206
5e330025581c9f5b3f3547bf,81,用了7天的N95口罩消毒可继续用？,丁香医生团队辟谣：吹风机吹或者喷洒酒精，都可能破坏口罩的保护作用,,美国疾控中心指出N95口罩在特殊情况下（比如口罩供应不足等），可在严格规范下“延长使用期限”以及“有限重复使用”。前者指一次佩戴不取下来，去接触不同的病人；后者指在满足一定条件下，可重复使用一定次数。若厂家说明了可重复使用次数，那以厂家说的为准；若没说明，那“不超过5次”。7天大大超过了这个次数。吹风机吹或者喷洒酒精，都可能会破坏口罩的保护作用。,,0,2020-01-31 00:11:17.327
5e32ffac581c9f5b3f3547be,81,用了7天的N95口罩消毒可继续用？,丁香医生团队辟谣：吹风机吹或者喷洒酒精，都可能破坏口罩的保护作用。,,美国疾控中心指出N95口罩在特殊情况下（比如口罩供应不足等），可在严格规范下“延长使用期限”以及“有限重复使用”。前者指一次佩戴不取下来，去接触不同的病人；后者指在满足一定条件下，可重复使用一定次数。若厂家说明了可重复使用次数，那以厂家说的为准；若没说明，那“不超过5次”。7天大大超过了这个次数。吹风机吹或者喷洒酒精，都可能会破坏口罩的保护作用。,,0,2020-01-31 00:09:16.303
5e32e1b542f563465586cce7,76,电吹风对手和面部吹30秒能消毒？,丁香医生团队辟谣：30秒太短，真吹半小时容易受伤,,杀死新型冠状病毒至少需要56℃，30分钟，可用于物体表面消毒等。电吹风的温度即使能达到56℃甚至更高，对着手和面部持续吹30分钟，也容易造成烫伤等伤害。还是好好洗手，做好清洁吧。,,0,2020-01-30 22:01:25.102
5e32e1b542f563465586cce8,79,喝60℃的水可以杀死病毒？,丁香医生团队辟谣：人体是恒温的，会散热。真保持体温56℃半小时的话，那杀死的怕不只是病毒了,,再次强调，杀死新型冠状病毒至少需要56℃，30分钟，可用于物体表面消毒等，不能作用于人体。人体通过产热和散热，会将体温维持在一个正常的范围。真保持体温56℃半小时的话，那杀死的怕不只是病毒了。,,0,2020-01-30 22:01:25.102
5e32e1b542f563465586cce9,77,用56℃的热水洗澡能对抗病毒？,丁香医生团队辟谣：洗热水澡也无法提升体内温度，不能对抗病毒，还可能会有生命危险。,,杀死新型冠状病毒至少需要56℃，30分钟，可用于物体表面消毒等。人在56℃的水里洗半小时，可能会得热射病，有生命危险。人体的体温是相对恒定的，洗热水澡也无法提升体内温度，无法预防病毒。,,0,2020-01-30 22:01:25.102
5e32e13c42f563465586cce5,5,人会传染宠物？宠物染病会传染人？,世界卫生组织回应：目前没有证据显示狗猫等宠物会感染新型冠状病毒,,世界卫生组织回应：“目前没有证据显示狗猫等宠物会感染新型冠状病毒。目前没有证据显示狗猫等宠物会感染新型冠状病毒。与宠物接触后，用肥皂和水洗手可以显著减少其他常见细菌在宠物和人类之间的传播，如大肠杆菌和沙门氏菌。”家里养宠物的人不用太担心，更不要随便遗弃宠物。,,2,2020-01-30 21:59:24.205
5e32dfd142f563465586cce4,76,电吹风对手和面部吹30秒能消毒？,丁香医生团队辟谣：30秒太短，真吹半小时容易受伤。还是好好洗手，做好清洁吧。,,杀死新型冠状病毒至少需要56℃，30分钟，可用于物体表面消毒等。电吹风的温度即使能达到56℃甚至更高，对着手和面部持续吹30分钟，也容易造成烫伤等伤害。还是好好洗手，做好清洁吧。,,0,2020-01-30 21:53:21.345
5e32df5842f563465586cce3,76,电吹风对手和面部吹30秒能消毒？,丁香医生团队辟谣：30秒太短，真吹半小时容易受伤。还是好好洗手，做好清洁吧。,,杀死冠状病毒至少需要56℃，30分钟，可用于物体表面消毒等，电吹风的温度即使能达到56℃甚至更高，对着手和面部持续吹30分钟，容易造成烫伤等伤害，还是好好洗手，做好清洁吧。,,0,2020-01-30 21:51:20.418
5e32de6642f563465586cce0,56,口罩越厚，防病毒效果越好？,丁香医生团队辟谣：口罩厚度不等同于防护效果，医用外科口罩摸上去比较薄，但过滤效率却很高。,,医用外科口罩摸上去比较薄，但过滤效率却很高。阻水层、过滤层、吸湿层这三层有效阻挡了病毒入侵。而市面上的一般棉布口罩，虽然厚实，但基本上不具备预防传染病的作用，不可靠。,,0,2020-01-30 21:47:18.184
5e32de6642f563465586cce1,84,别吃草鱼，某地有121个鱼塘感染？,丁香医生团队查证：青海、南宁、丽江等各城市版本的均为编造。正规渠道售卖的仍可放心吃。,,青海、南宁、丽江等各城市版本的均为编造。另外，此次新型冠状病毒来源是非法销售的野生动物，目前未明确中间宿主。但正规渠道售卖的各类肉制品仍可彻底煮熟后食用。,,0,2020-01-30 21:47:18.184
5e32de6642f563465586cce2,87,武汉来的快递要拒收？,丁香医生团队辟谣：病毒通过快件传播的风险极低，收完快件请及时洗手,,国家邮政局市场监管司副司长侯延波表示：“我们要求邮政和快递企业严格落实对邮件、快件、运输车辆、生产作业场所的消毒、通风等措施，严格落实安全查验的制度，严禁收寄野生动物。因此大家不用担心，正常的快件不用拒收，收完快件请及时洗手。”,,0,2020-01-30 21:47:18.184
5e32de2942f563465586ccdf,77,用56℃的热水洗澡能对抗病毒？,丁香医生团队辟谣：洗热水澡也无法提升体内温度，不能对抗病毒，还可能会有生命危险。,,杀死冠状病毒至少需要56℃，30分钟，可用于物体表面消毒等。人在56℃的水里洗半小时，可能会得热射病，有生命危险。人体的体温是相对恒定的，洗热水澡也无法提升体内温度，无法预防病毒。,,0,2020-01-30 21:46:17.527
5e32ddec42f563465586ccde,79,喝60℃的水可以杀死病毒？,丁香医生团队辟谣：人体是恒温的，会散热。真保持体温56℃半小时的话，那杀死的怕不只是病毒了,,再次强调，杀死冠状病毒至少需要56℃，30分钟，可用于物体表面消毒等，不能作用于人体。人体通过产热和散热，会将体温维持在一个正常的范围。真保持体温56℃半小时的话，那杀死的怕不只是病毒了。,,0,2020-01-30 21:45:16.890
5e32b89542f563465586ccd2,88,紫外线消毒灯能杀灭新冠病毒？,国家卫健委：冠状病毒对紫外线敏感,,在国家卫健委印发的《新型冠状病毒感染的肺炎诊疗方案（试行第四版）》中提到“病毒对紫外线和热敏感，56℃30分钟、乙醚、75%乙醇、含氯消毒剂、过氧乙酸和氯仿等脂溶剂均可有效灭活病毒。”紫外线消毒灯要严格按照说明书的要求使用。且人和宠物都要离开正在消毒的房间，以免对皮肤和眼睛造成损伤。,,1,2020-01-30 19:05:57.912
5e32b63a42f563465586ccd1,87,武汉来的快递要拒收？,丁香医生团队辟谣：病毒通过快件传播的风险极低。,,国家邮政局市场监管司副司长侯延波表示：“我们要求邮政和快递企业严格落实对邮件、快件、运输车辆、生产作业场所的消毒、通风等措施，严格落实安全查验的制度，严禁收寄野生动物。因此大家不用担心，正常的快件不用拒收，收完快件请及时洗手。”,,0,2020-01-30 18:55:53.893
5e32afd942f563465586ccd0,85,喷嚏一打几米远，病毒可悬浮一天？,丁香医生团队：交流要保持距离；尚未证实新冠病毒可以通过空气传播。,,"一般情况下，飞沫传播只有与传染源近距离接触时才可能实现。飞沫传播在1～2米之间，距离传染源1米以外相对安全，2米开外就很安全了。
打喷嚏、咳嗽要比讲话时飞沫喷出的距离远许多，新型冠状病毒主要经飞沫传播。但是这并不意味着会导致空气中到处都是新型冠状病毒，也尚未证实其可以通过空气传播。即使与人接触时保持距离，也请带好口罩做好防护。",,2,2020-01-30 18:28:41.019
5e32af6042f563465586cccf,85,喷嚏一打几米远，病毒可悬浮24H？,丁香医生团队：交流要保持距离；尚未证实新冠病毒可以通过空气传播。,,"一般情况下，飞沫传播只有与传染源近距离接触时才可能实现。飞沫传播在1～2米之间，距离传染源1米以外相对安全，2米开外就很安全了。
打喷嚏、咳嗽要比讲话时飞沫喷出的距离远许多，新型冠状病毒主要经飞沫传播。但是这并不意味着会导致空气中到处都是新型冠状病毒，也尚未证实其可以通过空气传播。即使与人接触时保持距离，也请带好口罩做好防护。",,2,2020-01-30 18:26:40.030
5e32ae6e42f563465586cccd,85,喷嚏一打几米远，病毒可悬浮24小时？,丁香医生团队：交流要保持距离；尚未证实新冠病毒可以通过空气传播。,,"一般情况下，飞沫传播只有与传染源近距离接触时才可能实现。飞沫传播在1～2米之间，距离传染源1米以外相对安全，2米开外就很安全了。
打喷嚏、咳嗽要比讲话时飞沫喷出的距离远许多，新型冠状病毒主要经飞沫传播。但是这并不意味着会导致空气中到处都是新型冠状病毒，也尚未证实其可以通过空气传播。即使与人接触时保持距离，也请带好口罩做好防护。",,2,2020-01-30 18:22:38.076
5e32a2db42f563465586ccc5,85,喷嚏可以打几米远，病毒可悬浮24小时？,丁香医生团队：交流要保持距离；尚未证实新冠病毒可以通过空气传播。,,"一般情况下，飞沫传播只有与传染源近距离接触时才可能实现。飞沫传播在1～2米之间，距离传染源1米以外相对安全，2米开外就很安全了。
打喷嚏、咳嗽要比讲话时飞沫喷出的距离远许多，新型冠状病毒主要经飞沫传播。但是这并不意味着会导致空气中到处都是新型冠状病毒，也尚未证实其可以通过空气传播。即使与人接触时保持距离，也请带好口罩做好防护。",,2,2020-01-30 17:33:15.171
5e32a1e942f563465586ccc4,86,散步会感染新型冠状病毒肺炎？,武汉市第九医院辟谣：我院没出过这样的通知,,"网上出现了武汉市第九医院的一个紧急通知，说是散步会感染新型冠状病毒肺炎。

对此，武汉市第九医院院长刘明瑜表示：“这是谣言，我们根本没出这样的通知，请大家不要相信。""",,0,2020-01-30 17:29:12.949
5e32970942f563465586ccbf,78,带毛领或绒线的外套容易吸附病毒？,丁香医生团队辟谣：病毒更喜欢光滑无孔的表面，在毛织品上存活的时间最长不超过四小时。,,在普通家居、出行生活中，不必考虑衣物材质和静电问题对病毒吸附的影响，舒适为主。病毒通过飞沫传播，并不是单独在空气中，其可能在任何材质的衣物上停留，双手勿接触口鼻眼等、回家及时洗手、做好外套的消毒与吹风，比材质选择更重要。,,0,2020-01-30 16:42:49.527
5e32969042f563465586ccbe,78,带毛领或绒线的外套容易吸附病毒？,丁香医生团队澄清：病毒更喜欢光滑无孔的表面，在毛织品上存活的时间最长不超过四小时。,,在普通家居、出行生活中，不必考虑衣物材质和静电问题对病毒吸附的影响，舒适为主。病毒通过飞沫传播，并不是单独在空气中，其可能在任何材质的衣物上停留，双手勿接触口鼻眼等、回家及时洗手、做好外套的消毒与吹风，比材质选择更重要。,,0,2020-01-30 16:40:48.414
5e32959e42f563465586ccbd,69,在人中涂风油精可以预防感染？,丁香医生团队辟谣：对预防新冠病毒没有作用,,暂时还没有证据表明，风油精里的成分对预防或杀灭新冠病毒有任何效果。不过在家宅久了，闻下凉凉的风油精，还是有助提神的。,,0,2020-01-30 16:36:46.370
5e32952542f563465586ccb8,5,人会传染宠物？宠物染病会传染人？,世界卫生组织回应：目前没有证据显示狗猫等宠物会感染新型冠状病毒,,世界卫生组织回应：“目前没有证据显示狗猫等宠物会感染新型冠状病毒。”家里养宠物的人不用太担心，更不要随便遗弃宠物。,,2,2020-01-30 16:34:45.370
5e328bee42f563465586ccab,85,喷嚏可以打几米远！病毒可悬浮24小时？,丁香医生团队：交流要保持距离；尚未证实新冠病毒可以通过空气传播。,,"一般情况下，飞沫传播只有与传染源近距离接触时才可能实现。飞沫传播在1～2米之间，距离传染源1米以外相对安全，2米开外就很安全了。
打喷嚏、咳嗽要比讲话时飞沫喷出的距离远许多，新型冠状病毒主要经飞沫传播。但是这并不意味着会导致空气中到处都是新型冠状病毒，也尚未证实其可以通过空气传播。即使与人接触时保持距离，也请带好口罩做好防护。",,2,2020-01-30 15:55:26.109
5e32708742f563465586cc96,5,人会传染宠物？宠物染病会传染人？,李兰娟院士回答：需要对宠物加强管理,,李兰娟院士回答：“主人要对宠物加强管理，如果宠物在外面接触到疫情，接触到病人，那宠物也需要监控起来。这个病毒是在哺乳动物之间传播，所以要对哺乳动物也需要加以防备。”世界卫生组织也回应：”目前没有证据显示狗猫等宠物会感染新型冠状病毒。“家里养宠物的人不用太担心，更不要随便遗弃宠物。,,2,2020-01-30 13:58:31.715
5e326e6742f563465586cc94,42,新冠病毒2018年就发现了？,中科院辟谣：并非同一种,,新型冠状病毒感染的肺炎疫情发生后，有网友翻出2018年“科学家发现新型冠状病毒”的旧闻，怀疑“是否两年前就已发现如今正在肆虐的新型冠状病毒”。记者今天向中科院求证，该院武汉病毒研究所称2018年报道的“病毒”，与此次引发肺炎疫情的2019-nCov并非“同一种病毒”。,,0,2020-01-30 13:49:27.546
5e326e6742f563465586cc95,9,服用VC可以预防感染？,丁香医生团队：现有研究证据不足，过度服用会中毒,,"现有研究证据不足，且证据级别不够，尚未能表明VC能预防新型冠状病毒，也尚未能表明VC有抵抗病毒的作用。
普通感冒前，部分人群长期补充VC可以缩短病程，造成很多人有VC可以抵抗流感、提高免疫力的印象。也有一些人会把补充VC当作万能药，没事就给自己补一点。在新型冠状病毒的疫情下，别为了安心就大剂量地使用VC，过度服用会导致腹泻、皮疹等中毒现象。",,2,2020-01-30 13:49:27.546
5e326d7542f563465586cc93,5,人会传染宠物？宠物染病会传染人？,李兰娟院士回答：需要对宠物加强管理,,李兰娟院士回答：“主人要对宠物加强管理，如果宠物在外面接触到疫情，接触到病人，那宠物也需要监控起来。这个病毒是在哺乳动物之间传播，所以要对哺乳动物也需要加以防备。”家里养宠物的人不用太担心，更不要随便遗弃宠物。,,2,2020-01-30 13:45:25.378
5e326c4642f563465586cc91,9,服用VC可以预防感染？,丁香医生团队辟谣：现有研究证据不足，过度服用会中毒,,"现有研究证据不足，且证据级别不够，尚未能表明VC能预防新型冠状病毒，也尚未能表明VC有抵抗病毒的作用。
普通感冒前，部分人群长期补充VC可以缩短病程，造成很多人有VC可以抵抗流感、提高免疫力的印象。也有一些人会把补充VC当作万能药，没事就给自己补一点。在新型冠状病毒的疫情下，别为了安心就大剂量地使用VC，过度服用会导致腹泻、皮疹等中毒现象。",,2,2020-01-30 13:40:22.814
5e326a9f42f563465586cc90,9,服用VC可以预防感染？,丁香医生团队辟谣：现有研究证据不足，过度服用会中毒,,"现有研究证据不足，且证据级别不够，尚未能表明VC能预防新型冠状病毒，也尚未能表明VC有抵抗病毒的作用。
普通感冒前，部分人群长期补充VC可以缩短病程，造成很多人有VC可以抵抗流感、提高免疫力的印象。也有一些人会把补充VC当作万能药，没事就给自己补一点。在新型冠状病毒的疫情下，为了安心就大剂量地使用VC，过度服用会导致腹泻、皮疹等中毒现象。",,2,2020-01-30 13:33:19.426
5e32634c42f563465586cc86,84,别吃草鱼，某地有121个鱼塘感染？,丁香医生团队查证：均为编造,,青海、南宁、丽江等各城市版本的均为编造。另外，此次新型冠状病毒来源是非法销售的野生动物，目前未明确中间宿主。但正规渠道售卖的各类肉制品仍可彻底煮熟后食用。,,0,2020-01-30 13:02:04.875
5e31a0f842f563465586cbcb,58,吃大蒜可以杀灭新冠病毒？,丁香医生团队辟谣：不管是直接吃、榨汁喝还是炖冰糖都没用,,大蒜提取物是能杀菌，但是从大蒜变成大蒜提取物差距很大。而且目前还没有临床试验数据证明大蒜的抗病毒效果，就不要指望它能杀灭新型冠状病毒啦。,,0,2020-01-29 23:12:56.194
5e319a5b42f563465586cbc7,9,服用VC可以预防感染？,丁香医生团队辟谣：没有预防作用，过度服用会中毒,,"普通感冒前，部分人群长期使用VC可以缩短病程，造成很多人有VC可以抵抗流感、提高免疫力的印象。也有一些人会把补充VC当作万能药，没事就给自己补一点。在新型冠状病毒的疫情下，为了安心就大剂量地使用VC。
但其实在疾病治疗过程中，摄入VC通常只是作为辅助治疗手段，并不具备预防和抵抗新型冠状病毒的作用，过度服用还会导致腹泻、皮疹等中毒现象。",,0,2020-01-29 22:44:43.428
5e31965742f563465586cbc5,58,吃大蒜可以杀灭新冠病毒吗？,丁香医生团队辟谣：不管是直接吃、榨汁喝还是炖冰糖都没用,,大蒜提取物是能杀菌，但是从大蒜变成大蒜提取物差距很大。而且目前还没有临床试验数据证明大蒜的抗病毒效果，就不要指望它能杀灭新型冠状病毒啦。,,0,2020-01-29 22:27:35.293
5e318a1042f563465586cbbb,63,新冠病毒定名为SARI？,丁香医生团队辟谣：SARI是「严重急性呼吸道感染」的英文缩写,,SARI是英文severeacuterespiratoryinfections的缩写，中文意思为严重急性呼吸道感染。此次爆发于的新冠疫情，目前暂时被命名为新型冠状病毒，英文为2019NovelCoronavirus(2019-nCoV)。2019-nCoV可以导致SARI，但并不是所有的SARI都是2019-nCoV引起的。,,0,2020-01-29 21:35:12.684
5e31895b42f563465586cbba,25,家里的宠物会传播病毒?,丁香医生团队辟谣：暂无证据证明会传染猫狗,,此次冠状病毒的来源是野生动物，暂无证据证明会传染猫狗，而犬冠状病毒和猫冠状病毒暂无证据表明会传染给人。家里养宠物的人不用太担心，更不要随便遗弃宠物。,,0,2020-01-29 21:32:11.344
5e3183af42f563465586cbb4,51,熏醋可以预防新冠病毒？,丁香医生团队辟谣：熏醋杀不死新型冠状病毒,,"一瓶醋里的醋酸含量最多也只有5%。将醋里的醋酸蒸发到空气中的做法，提升空气酸度的空间十分有限。
另外，熏醋还会带来副作用。醋酸挥发到房间后，可能对人体的呼吸道粘膜产生刺激作用，导致咽喉不适、恶心及呼吸困难。
对呼吸道敏感的儿童、老人，以及有哮喘病史的人而言，熏醋很有可能诱发呼吸系统疾病。",,0,2020-01-29 21:07:59.791
5e31837342f563465586cbb1,21,喝高度酒能抵抗新冠病毒?,丁香医生团队辟谣：喝进去不会作用于病毒,,"酒精的确能杀死病毒。但得是75%浓度以上的酒精消毒产品，而且只能用来体表消毒。喝进身体的高度酒，只会被吸收代谢，不会作用于病毒。
",,0,2020-01-29 21:06:59.240
5e31837342f563465586cbb2,23,桑拿、汗蒸能预防新冠病毒?,丁香医生团队辟谣：杀死新冠病毒至少需要 56℃，30 分钟,,"杀死冠状病毒至少需要56℃，30分钟，可用于物体表面消毒等。桑拿房内温度的确较高，但人体的体温是相对恒定的，无法预防病毒。并且桑拿汗蒸的地方通风差、人多，反而增加疾病传播的几率。
且长时间桑拿、汗蒸，可能会出现脱水甚至休克等症状。",,0,2020-01-29 21:06:59.240
5e31837342f563465586cbb3,24,吃乳铁蛋白能预防新冠病毒?,丁香医生团队辟谣：无证据表明乳铁蛋白对病毒有用,,乳铁蛋白是哺乳动物乳汁中天然存在的一种蛋白质，目前没有证据表明它可以提高免疫力，更不能预防新型冠状病毒。别再交「智商税」了,,0,2020-01-29 21:06:59.240
5e31833642f563465586cbae,15,新冠肺炎是香蕉导致的?,丁香医生团队辟谣：香蕉并不是新型冠状病毒的宿主,,香蕉并不是新型冠状病毒的宿主，1月23 日，中国科学院院士中国疾控中心主任高福在央视新闻采访中表示，病毒来源就是武汉华南海鲜市场非法销售的野生动物。比起香蕉，野味才应该被杜绝。,,0,2020-01-29 21:05:58.762
5e31833642f563465586cbaf,18,不吃野味就不会被感染?,丁香医生团队辟谣：目前新冠病毒的感染已超出人兽范围,,目前新型冠状病毒感染已经超出人兽范围，可以人传人，以呼吸道传播为主。,,0,2020-01-29 21:05:58.762
5e31833642f563465586cbb0,20,吃奥司他韦可以预防新冠病毒?,丁香医生团队辟谣：适用于流感治疗，对新冠病毒无效,,"新型冠状病毒，是一种先前尚未在人类中发现的冠状病毒。
而奥司他韦是治疗流感的特效药，作用靶点与流感病毒相关，目前尚没有证据显示其对于新型冠状病毒具有临床疗效。",,0,2020-01-29 21:05:58.762
5e3182fa42f563465586cbab,10,吃板蓝根可以预防新冠病毒？,丁香医生团队辟谣：板蓝根对新型冠状病毒无效,,"迄今为止，和板蓝根有关的提取物研究，无一进入临床试验阶段。
也就是说，即使是对预防流感病毒，板蓝根也没有被证明有预防效果，更别说预防新型冠状病毒了。",,0,2020-01-29 21:04:58.198
5e3182fa42f563465586cbac,11,吃利巴韦林可以预防新冠病毒?,丁香医生团队辟谣：利巴韦林无法作用于新型冠状病毒,,利巴韦林无法作用于新型冠状病毒。传统的抗流感药物并不能有效预防新型冠状病毒，而且随便用药还会造成一定的健康风险。,,0,2020-01-29 21:04:58.198
5e3182fa42f563465586cbad,6,吃抗生素可以预防新冠病毒?,丁香医生团队辟谣：抗生素作用于细菌，对病毒无效。,,抗生素作用于细菌，对病毒无效。在武汉同济、武汉协和同时发布新型冠状病毒肺炎快速诊疗指南中，也明确指出要避免盲目或不恰当的抗菌药物治疗，尤其是联合应用广谱抗菌药物。,,0,2020-01-29 21:04:58.198
5e3182bd42f563465586cbaa,63,新冠病毒定名为 SARI？,丁香医生团队辟谣：SARI是「严重急性呼吸道感染」的英文缩写,,SARI是英文severeacuterespiratoryinfections的缩写，中文意思为严重急性呼吸道感染。此次爆发于的新冠疫情，目前暂时被命名为新型冠状病毒，英文为2019NovelCoronavirus(2019-nCoV)。2019-nCoV可以导致SARI，但并不是所有的SARI都是2019-nCoV引起的。,,0,2020-01-29 21:03:57.607
5e31828142f563465586cba7,3,熏艾可以预防新冠肺炎？,丁香医生团队辟谣：没用，甚至可能中毒,,尚无证据表明熏艾对预防新型冠状病毒感染有效，而且在密闭的室内可能会造成一氧化碳中毒,,0,2020-01-29 21:02:57.128
5e31828142f563465586cba8,58,吃大蒜可以杀灭新冠病毒吗？,丁香医生团队辟谣：没有证据证明大蒜有抗病毒效果,,大蒜提取物是能杀菌，但是从大蒜变成大蒜提取物差距很大。而且目前还没有临床试验数据证明大蒜的抗病毒效果，就不要指望它能杀灭新型冠状病毒啦。,,0,2020-01-29 21:02:57.128
5e31818f42f563465586cba6,83,私人邮寄口罩被海关征用？,上海海关辟谣：海关不会征用你的口罩！,,"遇到此类谣言该怎么办？
请务必记住这个“灵魂三拷问”
1、有没有单号？
2、包裹寄到那个地区？
3、哪家快递公司承运的？

无论对方提供与否，大家都可以第一时间向官方求证，并提供相关情况，切勿在网上进行二次传播。",,0,2020-01-29 20:58:55.098
5e3158b342f563465586cb89,82,治疗主要靠激素，会成为废人？,李兰娟院士辟谣：现在发生的大量的病人根本就不用激素,,非典时期，激素治疗使部分患者留下股骨头坏死的后遗症，这是药物的一种副作用。现在发生的大量的病人根本就不用激素，所以不会引起股骨头坏死。,,0,2020-01-29 18:04:35.440
5e3157c142f563465586cb86,82,治疗主要靠激素，大概率会成为废人？,李兰娟院士辟谣：现在发生的大量的病人根本就不用激素,,非典时期，激素治疗使部分患者留下股骨头坏死的后遗症，这是药物的一种副作用。现在发生的大量的病人根本就不用激素，所以不会引起股骨头坏死。,,0,2020-01-29 18:00:32.973
5e31528b42f563465586cb80,81,用了7天的N95口罩消毒可继续用？,丁香医生团队辟谣：吹风机吹或者喷洒酒精，都可能会破坏口罩的保护作用。,,美国疾控中心指出N95口罩在特殊情况下（比如口罩供应不足等），可在严格规范下“延长使用期限”以及“有限重复使用”。前者指一次佩戴不取下来，去接触不同的病人；后者指在满足一定条件下，可重复使用一定次数。若厂家说明了可重复使用次数，那以厂家说的为准；若没说明，那“不超过5次”。7天大大超过了这个次数。吹风机吹或者喷洒酒精，都可能会破坏口罩的保护作用。,,0,2020-01-29 17:38:19.094
5e3149c842f563465586cb7b,81,用了7天的N95口罩酒精消毒可继续用？,丁香医生团队辟谣：吹风机吹或者喷洒酒精，都可能会破坏口罩的保护作用。,,美国疾控中心指出N95口罩在特殊情况下（比如口罩供应不足等），可在严格规范下“延长使用期限”以及“有限重复使用”。前者指一次佩戴不取下来，去接触不同的病人；后者指在满足一定条件下，可重复使用一定次数。若厂家说明了可重复使用次数，那以厂家说的为准；若没说明，那“不超过5次”。7天大大超过了这个次数。吹风机吹或者喷洒酒精，都可能会破坏口罩的保护作用。,,0,2020-01-29 17:00:56.188
5e31405542f563465586cb75,80,酒精浓度越高，消毒效果越好？,丁香医生团队辟谣：浓度为60%-80%的乙醇才有效,,浓度为60%-80%的乙醇是一种有效的杀病毒剂，可灭活所有亲脂病毒（如疱疹病毒、痘苗病毒和流感病毒）和许多亲水性病毒（如腺病毒、肠道病毒、鼻病毒和轮状病毒。过高的浓度可能会降低效力，因为蛋白质在无水的情况下不容易发生变性。,,0,2020-01-29 16:20:37.434
5e313b2242f563465586cb73,79,喝60℃的水可以杀死病毒？,丁香医生团队辟谣：人体是恒温的，会散热。,,再次强调，杀死冠状病毒至少需要56℃，30分钟，可用于物体表面消毒等，不能作用于人体。人体通过产热和散热，会将体温维持在一个正常的范围。真保持体温56℃半小时的话，那杀死的怕不只是病毒了。,,0,2020-01-29 15:58:26.905
5e31366942f563465586cb67,78,带毛领或绒线的外套容易吸附病毒？,丁香医生团队澄清：在普通家居、出行生活中，不必考虑衣物材质和静电问题对病毒吸附的影响,,在普通家居、出行生活中，不必考虑衣物材质和静电问题对病毒吸附的影响，舒适为主。病毒通过飞沫传播，并不是单独在空气中，其可能在任何材质的衣物上停留，双手勿接触口鼻眼等、回家及时洗手、做好外套的消毒与吹风，比材质选择更重要。,,2,2020-01-29 15:38:17.542
5e3132a242f563465586cb61,78,带毛领或绒线的外套容易吸附病毒？,丁香医生团队澄清：在普通家居、出行生活中，不必考虑衣物材质和静电问题对病毒吸附的影响,,在普通家居、出行生活中，不必考虑衣物材质和静电问题对病毒吸附的影响，舒适为主。病毒通过飞沫传播，并不是单独在空气中，其可能在任何材质的衣物上停留，双手勿接触口鼻眼等、回家及时洗手、做好外套的消毒与吹风，比材质选择更重要。,,1,2020-01-29 15:22:09.955
5e31283d42f563465586cb4e,53,多喝单枞茶多吃草莓可防肺炎？,经查证：系编造,,网络上流传2张截图，配文分别称“钟南山发布多喝单枞茶对防止肺炎有重大效果”“国家卫生局发布多吃草莓对防止肺炎有重大效果”。这2张截图都是假的。钟南山院士曾就肺炎疫情接受过媒体采访，并没有提到过前述的信息。目前我国并没有“国家卫生局”这个机构，只有国家卫健委。国家卫健委也并没发布过前述的信息。,,0,2020-01-29 14:37:49.594
5e3124b342f563465586cb48,53,多喝单枞茶多吃草莓可防肺炎？,经查证：系编造,,近日，网络上流传2张截图，配文分别称“钟南山发布多喝单枞茶对防止肺炎有重大效果”“国家卫生局发布多吃草莓对防止肺炎有重大效果”。捉谣记查证后认为，这2张截图都是假的。钟南山院士曾就肺炎疫情接受过媒体采访，并没有提到过前述的信息。目前我国并没有“国家卫生局”这个机构，只有国家卫健委。国家卫健委也并没发布过前述的信息。,,0,2020-01-29 14:22:43.331
5e3120b042f563465586cb44,75,买不到口罩可以自制？,丁香医生团队辟谣：自制口罩不靠谱,,网上自制口罩的教程，基本材料都是推荐棉纱、毛线、帆布等。这些材料空隙较大，无法有效过滤病毒。除了保暖，阻挡病菌作用十分有限。,,0,2020-01-29 14:05:36.120
5e31207342f563465586cb43,76,电吹风对手和面部吹30秒能消毒？,丁香医生团队辟谣：30秒太短，真吹半小时容易受伤。,,杀死冠状病毒至少需要56℃，30分钟，可用于物体表面消毒等，电吹风的温度即使能达到56℃甚至更高，对着手和面部持续吹30分钟，容易造成烫伤等伤害，还是好好洗手，做好清洁吧。,,0,2020-01-29 14:04:35.604
5e311fbe42f563465586cb41,76,电吹风对手和面部吹30秒就能消毒？,丁香医生团队辟谣：30秒太短，真吹半小时容易受伤。,,杀死冠状病毒至少需要56℃，30分钟，可用于物体表面消毒等，电吹风的温度即使能达到56℃甚至更高，对着手和面部持续吹30分钟，容易造成烫伤等伤害，还是好好洗手，做好清洁吧。,,0,2020-01-29 14:01:34.143
5e311fbe42f563465586cb42,77,用56℃的热水洗澡能对抗病毒？,丁香医生团队辟谣：不能对抗病毒，还会有生命危险。,,杀死冠状病毒至少需要56℃，30分钟，可用于物体表面消毒等。人在56℃的水里洗半小时，可能会得热射病，有生命危险。人体的体温是相对恒定的，洗热水澡也无法提升体内温度，无法预防病毒。,,0,2020-01-29 14:01:34.143
5e3118e542f563465586cb35,75,买不到口罩可以自制？,丁香医生团队辟谣：不靠谱,,网上自制口罩的教程，基本材料都是推荐棉纱、毛线、帆布等。这些材料空隙较大，无法有效过滤病毒。除了保暖，阻挡病菌作用十分有限。,,0,2020-01-29 13:32:21.557
5e30fba242f563465586cb06,54,全身喷洒酒精可起到消毒效果？,李兰娟院士辟谣：不能这样做,,"中国工程院院士李兰娟在接受浙江新闻客户端记者采访时表示，不能这样做，病毒对于外界抵抗力不强，75%的酒精就可以消毒，但是这是对于有可能被污染的一些物体的消毒，并不是在家里针对人也要这样消毒。

人在外面接触主要是手，用流水冲洗，多洗手，这是最重要的办法。",https://ask.dxy.com/ama/index#/disease/24677/info/6,0,2020-01-29 11:27:30.925
5e3065a8f8be3cb05ba2bed1,69,在人中涂风油精可以预防感染？,丁香医生团队辟谣：对预防新冠没有作用,,暂时还没有证据表明，风油精里的成分对预防或杀灭新冠有任何效果。不过在家宅久了，闻下凉凉的风油精，还是有助提神的。,,0,2020-01-29 00:47:32.346
5e3065a8f8be3cb05ba2bed2,54,全身喷洒酒精可起到消毒效果？,李兰娟院士辟谣：不能这样做,,"中国工程院院士李兰娟在接受浙江新闻客户端记者采访时表示，不能这样做，病毒对于外界抵抗力不强，75%的酒精就可以消毒，但是这是对于有可能被污染的一些物体的消毒，并不是在家里针对人也要这样消毒。

人在外面接触主要是手，用流水冲洗，多洗手，这是最重要的办法。",,0,2020-01-29 00:47:32.346
5e3065a8f8be3cb05ba2bed3,55,网传感染病例在10万例左右？,国家卫健委回应：不实消息,,根据卫健委最新数据，截至1月27日24时，国家卫生健康委收到30个省(区、市)累计报告确诊病例4515例，现有重症病例976例，累计死亡病例106例，累计治愈出院60例。现有疑似病例6973例。,,0,2020-01-29 00:47:32.346
5e3065a8f8be3cb05ba2bed4,56,口罩越厚，防病毒效果越好？,丁香医生团队辟谣：口罩厚度不等同于防护效果,,医用外科口罩摸上去比较薄，但过滤效率却很高。阻水层、过滤层、吸湿层这三层有效阻挡了病毒入侵。而市面上的一般棉布口罩，虽然厚实，但基本上不具备预防传染病的作用，不可靠。,,0,2020-01-29 00:47:32.346
5e3065a8f8be3cb05ba2bed5,3,熏艾可以预防新冠？,丁香医生团队辟谣：没用，甚至可能中毒,,尚无证据表明熏艾对预防新型冠状病毒感染有效，而且在密闭的室内可能会造成一氧化碳中毒,,0,2020-01-29 00:47:32.346
5e3065a8f8be3cb05ba2bed6,57,用微波炉加热口罩可以消毒？,丁香医生团队辟谣：不可以,,如果用微波炉或电烤箱加热口罩，一方面口罩内部结构破坏，口罩无法再次使用；另一方面，微波炉或电烤箱由于处理医疗垃圾，也不能继续加热食物。,,0,2020-01-29 00:47:32.346
5e3065a8f8be3cb05ba2bed7,71,外网传武汉野生动物市场视频属实？,法新社辟谣：实为印尼的苏拉威西岛的野生动物市场,,近日，境外社交媒体流传一条据称是武汉野生动物交易市场的视频，这条4分41秒的视频发于1月26日，画面中蛇、蝙蝠、鼠类等各类野生动物在市场中进行售卖。1月27日，法新社发文辟谣，称该视频截图后经视频核实工具查验，实为印尼的苏拉威西岛的野生动物市场，去年7月20日发布。目前，该视频已被脸书软件标注为假消息。,,0,2020-01-29 00:47:32.346
5e3065a8f8be3cb05ba2bed8,58,吃大蒜、喝大蒜水可以杀灭新冠吗？,丁香医生团队辟谣：没有证据证明大蒜有抗病毒效果,,大蒜提取物是能杀菌，但是从大蒜变成大蒜提取物差距很大。而且目前还没有临床试验数据证明大蒜的抗病毒效果，就不要指望它能杀灭新型冠状病毒啦。,,0,2020-01-29 00:47:32.346
5e3065a8f8be3cb05ba2bed9,53,多喝单枞茶多吃草莓可防肺炎？,新浪捉谣记查证：系造谣,,近日，网络上流传2张截图，配文分别称“钟南山发布多喝单枞茶对防止肺炎有重大效果”“国家卫生局发布多吃草莓对防止肺炎有重大效果”。捉谣记查证后认为，这2张截图都是假的。钟南山院士曾就肺炎疫情接受过媒体采访，并没有提到过前述的信息。目前我国并没有“国家卫生局”这个机构，只有国家卫健委。国家卫健委也并没发布过前述的信息。,,0,2020-01-29 00:47:32.346
5e3065a8f8be3cb05ba2beda,59,十堰为限行全城开启红灯？,十堰交管部门辟谣：假消息,,"中国交通广播记者从十堰交管部门了解到，这则消息为假消息！
据十堰市新型肺炎疫情指挥部17号指令，禁止车辆通行。但是，批准300辆客运出租车辆运行。此外，医护工作者、执行公务、水电气等特殊保障部门人员必须驾车出行的，要予以保障。所有运输货物车辆不限行。警车属特种车辆不限行。",,0,2020-01-29 00:47:32.346
5e3065a8f8be3cb05ba2bedb,60,北京公交线路营运安排调整？,北京公交集团辟谣：消息不属实,,近日，有网友反映收到一份“关于新型冠状病毒的肺炎疫情感染期间公交线路营运安排调整的通告”，此消息不属实，该消息中提及的线路并非北京市公交线路。目前，北京公交集团市域内线路总体运营正常。如有相关调整，将第一时间通过正规渠道向社会公布。,,0,2020-01-29 00:47:32.346
5e3065a8f8be3cb05ba2bedc,62,不要收现金，会感染新冠病毒？,丁香医生团队辟谣：无论何时，接触了钱币都要洗手,,钱币流通渠道复杂，本身难免会附着病菌，肺炎疫情的出现可能也会增加钱币上的病菌种类。但接触了不一定会感染，而是接触后又揉眼睛、拿东西吃、摸伤口等。无论有没有疫情，我们都建议摸过钱币后及时洗手。,,0,2020-01-29 00:47:32.346
5e3065a8f8be3cb05ba2bedd,63,新冠定名为 SARI？,丁香医生团队辟谣：SARI是「严重急性呼吸道感染」的英文缩写,,SARI是英文severeacuterespiratoryinfections的缩写，中文意思为严重急性呼吸道感染。此次爆发于的新冠疫情，目前暂时被命名为新型冠状病毒，英文为2019NovelCoronavirus(2019-nCoV)。2019-nCoV可以导致SARI，但并不是所有的SARI都是2019-nCoV引起的。,,0,2020-01-29 00:47:32.346
5e3065a8f8be3cb05ba2bede,1,某某城市飞机喷洒消毒药水？,人民日报辟谣：各城市版本的都是谣言！,,武汉、杭州、郑州等各城市版本的「飞机喷洒消毒药水」都是谣言！,,0,2020-01-29 00:47:32.346
5e3065a8f8be3cb05ba2bedf,65,看到鄂牌车辆就打长沙疾控电话？,长沙市新型冠状病毒肺炎防控指挥部辟谣：错误说法,,“看到鄂A牌照（或湖北牌照）车辆就拨打110或长沙市疾控值班电话或12345市民热线”是错误说法。上述电话均不承担此职能。大量电话打入，已严重影响上述电话原职能履行，请广大市民不再随意拨打上述电话。正确做法是报属地社区，协助做好信息登记、体温检查、防病监测等工作。,,0,2020-01-29 00:47:32.346
5e3065a8f8be3cb05ba2bee0,66,黑龙江省高速公路封闭？,黑龙江高速交警：系谣言,,据黑龙江高速交警微博消息，黑龙江省高速公路通行正常，无封闭情况，有谣言说黑龙江省高速公路封闭，请大家不传谣、不信谣，积极配合政府相关部门做好疫情防范工作。,,0,2020-01-29 00:47:32.346
5e3065a8f8be3cb05ba2bee1,67,医院一老人被感染新冠肺炎跑了？,南充网警辟谣：已经收治,,该情况系嘉陵籍孙某贵(男，57岁，嘉陵吉安人)之前未遵守隔离规定，目前已经收治并确诊。,,0,2020-01-29 00:47:32.346
5e3065a8f8be3cb05ba2bee2,70,华南海鲜老板是政协原副主席儿媳?,湖北政协辟谣：消息不属实,,经核实，湖北省政协原副主席郑心穗没有儿子，此消息不属实。,,0,2020-01-29 00:47:32.346
5e3065a9f8be3cb05ba2bee3,72,青岛公交线路停运安排调整？,青岛交通运输局辟谣：消息不属实,,"据@青岛交通运输27日消息：官方辟谣！部分微信群中所传的“2020年1月27日起，公交线路停运安排调整”的消息不属实。
目前，青岛市市区（市南、市北、李沧、崂山、城阳）公交车均正常运营，请广大市民朋友不信谣、不传谣。",,0,2020-01-29 00:47:32.346
5e3065a9f8be3cb05ba2bee4,73,疫情致广西多地封路、封高速？,广西公安辟谣：区内高速及城市道路都能够正常通行,,截至目前，广西各地均没有发布任何“封收费站”、“封高速”的信息，广西区内高速公路及城市道路都能够正常通行。在广西各高速公路收费站、省道国道，交警部门正全力配合相关部门，开展联勤检疫工作。在此，警方呼吁请大家配合检查人员工作，驾车下高速进入收费站前最好提前打开车窗，关闭空调，以便于提高检查效率。排队待检时要耐心等待，有序缓行不要扰乱秩序，加塞抢行。,,0,2020-01-29 00:47:32.346
5e3065a9f8be3cb05ba2bee5,74,火神山项目污染水源？,武汉建工集团路桥分公司回应：多层保护，保证污水流入处理中心,,1月28日，武汉建工集团路桥分公司项目经理周攀驳斥污水污染谣言：现场全部都会用砂垫层、土工布、HDPE防渗膜进行保护，上面还有一层土工布和30到80公分的混泥土，水会流入污水处理中心。,,0,2020-01-29 00:47:32.346
5e3065a9f8be3cb05ba2bee6,2,盐水漱口能预防感染？,钟南山院士团队辟谣：漱口没有办法清洁呼吸道,,"钟南山院士团队公开辟谣：

「盐水漱口有利于清洁口腔和咽喉，对于咽喉炎有帮助。但是新型冠状病毒侵犯的部位在呼吸道，漱口没有办法清洁呼吸道。其次，目前尚无任何研究结果提示盐水对新型冠状病毒有杀灭作用。」",,0,2020-01-29 00:47:32.346
5e3065a9f8be3cb05ba2bee7,13,香油滴鼻孔可防病毒传播？,丁香医生团队辟谣：啥效果也不会有,,"香油在鼻子里走个过场，既阻隔不了病毒进来，也影响不了病毒繁衍。

除了随身携带香油味，啥效果也不会有。

再强调一下，能有效灭活新型冠状病毒的物质是乙醚、75%乙醇、含氯消毒剂、过氧乙酸和氯仿等脂溶剂。但它们也只能用于体表和物体表面的清洁，不能滴鼻孔。",,0,2020-01-29 00:47:32.346
5e3065a9f8be3cb05ba2bee8,9,服用 VC 可以预防感染？,丁香医生团队辟谣：没有预防作用,,摄入VC通常只是作为辅助治疗手段，并不具备预防和抵抗新型冠状病毒的作用，过度服用还会导致腹泻、皮疹等中毒现象。,,0,2020-01-29 00:47:32.346
5e3065a9f8be3cb05ba2bee9,10,吃板蓝根可以预防新冠？,丁香医生团队辟谣：板蓝根对新型冠状病毒无效,,"迄今为止，和板蓝根有关的提取物研究，无一进入临床试验阶段。
也就是说，即使是对预防流感病毒，板蓝根也没有被证明有预防效果，更别说预防新型冠状病毒了。",,0,2020-01-29 00:47:32.346
5e3065a9f8be3cb05ba2beea,4,家畜家禽海鲜都不能吃了？,丁香医生团队辟谣：正规家畜家禽海鲜都能吃,,此次新型冠状病毒来源是非法销售的野生动物，目前未明确中间宿主。但正规渠道售卖的各类肉制品仍可食用。,,0,2020-01-29 00:47:32.346
5e3065a9f8be3cb05ba2beeb,5,家里的宠物会传播病毒？,丁香医生团队辟谣：暂无证据证明会传染猫狗,,此次冠状病毒的来源是野生动物，暂无证据证明会传染猫狗，而犬冠状病毒和猫冠状病毒暂无证据表明会传染给人。家里养宠物的人不用太担心，更不要随便遗弃宠物。,,0,2020-01-29 00:47:32.346
5e3065a9f8be3cb05ba2beec,11,吃利巴韦林可以预防新冠?,丁香医生团队辟谣：利巴韦林无法作用于新型冠状病毒,,利巴韦林无法作用于新型冠状病毒。传统的抗流感药物并不能有效预防新型冠状病毒，而且随便用药还会造成一定的健康风险。,,0,2020-01-29 00:47:32.346
5e3065a9f8be3cb05ba2beed,6,吃抗生素可以预防新冠?,丁香医生团队辟谣：抗生素作用于细菌，对病毒无效。,,抗生素作用于细菌，对病毒无效。在武汉同济、武汉协和同时发布新型冠状病毒肺炎快速诊疗指南中，也明确指出要避免盲目或不恰当的抗菌药物治疗，尤其是联合应用广谱抗菌药物。,,0,2020-01-29 00:47:32.346
5e3065a9f8be3cb05ba2beee,7,钟南山院士被传染?,呼吸疾病国家重点实验室办公室：系谣言,,呼吸疾病国家重点实验室办公室25日表示，钟南山院士正在开会；前述被传染的传闻系谣言。,,0,2020-01-29 00:47:32.346
5e3065a9f8be3cb05ba2beef,14,戴多层口罩才能防住病毒?,丁香医生团队辟谣：佩戴多层口罩可能造成呼吸不畅,,"不需要佩戴多层口罩。建议选择N95/KN95或普通外科口罩，并且一层就够，其他口罩防护效果不如这三种。佩戴多层口罩还可能造成呼吸不畅。
",,0,2020-01-29 00:47:32.346
5e3065a9f8be3cb05ba2bef0,15,新型肺炎是香蕉导致的?,丁香医生团队辟谣：香蕉并不是新型冠状病毒的宿主,,香蕉并不是新型冠状病毒的宿主，1月23 日，中国科学院院士中国疾控中心主任高福在央视新闻采访中表示，病毒来源就是武汉华南海鲜市场非法销售的野生动物。比起香蕉，野味才应该被杜绝。,,0,2020-01-29 00:47:32.346
5e3065a9f8be3cb05ba2bef1,16,武汉「小汤山」将停工?,武汉市城建局辟谣：正常建设中,,武汉市城建局24日晚表示，火神山医院将于2月1日建成，然后进行医疗设备安装调试，2月3日交付投用。,,0,2020-01-29 00:47:32.346
5e3065a9f8be3cb05ba2bef2,17,病毒感染的都是老年人?,丁香医生团队辟谣：新冠病毒对所有年龄组都易感,,全年龄段的人都需要做防护。新型冠状病毒对所有年龄组都易感。目前，新型冠状病毒已经确定可以人传人，经呼吸道飞沫传播是主要传播途径，亦可通过接触传播。,,0,2020-01-29 00:47:32.346
5e3065a9f8be3cb05ba2bef3,18,不吃野味就不会被感染?,丁香医生团队辟谣：目前新冠感染已超出人兽范围,,目前新型冠状病毒感染已经超出人兽范围，可以人传人，以呼吸道传播为主。,,0,2020-01-29 00:47:32.346
5e3065aaf8be3cb05ba2bef4,20,吃奥司他韦可以预防新冠?,丁香医生团队辟谣：适用于流感治疗，对新冠无效,,"新型冠状病毒，是一种先前尚未在人类中发现的冠状病毒。
而奥司他韦是治疗流感的特效药，作用靶点与流感病毒相关，目前尚没有证据显示其对于新型冠状病毒具有临床疗效。",,0,2020-01-29 00:47:32.346
5e3065aaf8be3cb05ba2bef5,21,喝高度酒能抵抗冠状病毒?,丁香医生团队辟谣：喝进去不会作用于病毒,,"酒精的确能杀死病毒。但得是75%浓度以上的酒精消毒产品，而且只能用来体表消毒。喝进身体的高度酒，只会被吸收代谢，不会作用于病毒。
",,0,2020-01-29 00:47:32.346
5e3065aaf8be3cb05ba2bef6,19,吸烟就能预防病毒?,丁香医生团队辟谣：吸烟没有任何好处,,"吸烟不仅无法对病毒感染产生任何的预防作用，还会刺激呼吸道。烟草中的有害物质还会损伤肺功能、减低身体抵抗力，而增加受到感染的可能，呼出的二手烟雾也会危害到周边人的健康。

另外，吸烟时无法戴口罩，手部会触碰口鼻，会增加病毒感染风险。",,0,2020-01-29 00:47:32.346
5e3065aaf8be3cb05ba2bef7,12,出门要戴护目镜?,丁香医生团队辟谣：普通人出门没必要戴,,"护目镜是针对一线临床医生的，普通人出门不需要佩戴护目镜。
但大家都要注意，不要揉眼睛，因为手可能接触到病毒，再接触到眼睛会导致结膜感染。
",,0,2020-01-29 00:47:32.346
5e3065aaf8be3cb05ba2bef8,8,身边没有疫情不用戴口罩?,丁香医生团队辟谣：无论有没有疫情，出门都建议戴,,"无论有没有疫情，都建议戴口罩出门。
时值春运，很多病毒携带者可能出现在全国各地，而部分携带者可能身上还没有症状。这意味着，我们都有可能会接触到携带者。
合理佩戴口罩，可有效挡住飞沫，能阻断病毒直接进入人体内。
首选医用外科口罩或N95/KN95口罩。其他口罩，效果不如这三种好。",,0,2020-01-29 00:47:32.346
5e3065aaf8be3cb05ba2bef9,22,燃放烟花可以预防感染?,丁香医生团队辟谣：不仅不能「杀毒」，还对健康有害,,燃放烟花爆竹产生的气体并不能杀死新型冠状病毒，除此之外，燃放烟花爆竹产生的二氧化硫还对人体健康有害，如对呼吸系统产生刺激，还有消防隐患，危机生命财产安全。,,0,2020-01-29 00:47:32.346
5e3065aaf8be3cb05ba2befa,23,桑拿、汗蒸能预防新冠?,丁香医生团队辟谣：杀死新冠至少需要 56℃，30 分钟,,"杀死冠状病毒至少需要56℃，30分钟，可用于物体表面消毒等。桑拿房内温度的确较高，但人体的体温是相对恒定的，无法预防病毒。并且桑拿汗蒸的地方通风差、人多，反而增加疾病传播的几率。
且长时间桑拿、汗蒸，可能会出现脱水甚至休克等症状。",,0,2020-01-29 00:47:32.346
5e3065aaf8be3cb05ba2befb,24,吃乳铁蛋白能预防新冠?,丁香医生团队辟谣：无证据表明乳铁蛋白对病毒有用,,乳铁蛋白是哺乳动物乳汁中天然存在的一种蛋白质，目前没有证据表明它可以提高免疫力，更不能预防新型冠状病毒。别再交「智商税」了,,0,2020-01-29 00:47:32.346
5e3065aaf8be3cb05ba2befc,26,没感冒时，口罩反着戴?,丁香医生团队辟谣：口罩正着戴才有用,,口罩正着戴才有用，戴反了，防护力会大大减弱。正确的操作是颜色较深的一面朝外，颜色较浅的朝自己，有金属条的部分戴在鼻子上，用手捏紧，使口罩上端紧贴鼻梁。,,0,2020-01-29 00:47:32.346
5e3065aaf8be3cb05ba2befd,27,口罩用过要剪碎或消毒?,丁香医生团队辟谣：口罩用过后直接丢弃即可,,口罩只是起到阻挡飞沫的作用，病毒在口罩上残留的时间和量并不明确。脱口罩时，用手勾住绳子，脱下来直接丢弃即可，不需要做其他处理。如果用手直接接触口罩面，反而会增加感染风险。,,0,2020-01-29 00:47:32.346
5e3065aaf8be3cb05ba2befe,28,北京高速封路?,经首发信息中心核实：没有路段采取封闭措施,,经首发信息中心核实，没有路段采取封闭措施。此外，据北京市交管局相关知情人士介绍，目前，北京市交管部门没有采取任何高速公路封路措施。,,0,2020-01-29 00:47:32.346
5e3065aaf8be3cb05ba2beff,29,将有6万武汉人员来杭?,杭州市“冠状病毒肺炎”防控指挥部：不实信息,,近日，网上出现的关于”将有6万武汉人员从境外来杭”“杭州于26日中午12点开始封城”“政府安排飞机洒消毒药水”等，均为不实信息。公安部门对不实信息发布者肖某某等7人依法进行了处理，责令其删除不实信息。,,0,2020-01-29 00:47:32.346
5e3065abf8be3cb05ba2bf00,30,上海已限制外牌车辆进沪?,12122路政服务热线核实：不存在“限制外牌车辆进入”的情况,,"解放日报·上观新闻记者就此咨询12122路政服务热线。客服人员告诉记者，上海不存在“限制外牌车辆进入”的情况，车辆通行正常。
此外，记者从上海市公安局相关人员处了解到，公安部门目前并未接到有关“限制外牌车辆进沪”的通知。",,0,2020-01-29 00:47:32.346
5e3065abf8be3cb05ba2bf01,31,南京封城、封路?,南京发布辟谣：从未收到过相关命令,,最近，有人网传南京高速公路禁止外地车辆驶入，据南京交管部门，这种说法纯属谣言，交警只是针对外地车辆，配合卫生部门做好防疫工作。南京交警从未在高速公路设卡阻止外牌车进城，也从未收到过“封城”、“封路”的命令。,,0,2020-01-29 00:47:32.346
5e3065abf8be3cb05ba2bf02,32,此次疫情系解放军导致?,四川网警辟谣：不实言论！,,据四川网警消息，1月25日，自贡市网民孙某在微信群内传播不实言论，称“此次疫情系解放军传播病毒导致”。目前，孙某因散布谣言属地公安机关处以行政拘留处罚。网警重申：网络不是法外之地，对于编造，散布谣言，扰乱公共秩序违法行为，公安机关将依法查处。,,0,2020-01-29 00:47:32.346
5e3065abf8be3cb05ba2bf03,33,泰签可续签15-60天?,泰移民局辟谣：纯属谣言！,,实际情况是，泰国政府和移民局秉承人道主义精神，针对中国因新冠肺炎疫情关闭个别机场，致使部分要回国却滞留泰国的中国游客，实行免除逾期滞留的罚款和惩罚措施。但仅适用于其返程机票和目的地的确是已被被关闭的机场周边城市的游客，和真正受影响地区的游客，其他没有被关闭机场地区的中国游客，还是会被照常处以罚金。,,0,2020-01-29 00:47:32.346
5e3065abf8be3cb05ba2bf04,34,沪援鄂医疗队只能吃方便面?,医疗队医师组组长回应：不实信息,,医疗队医师组组长、上海市第一人民医院呼吸与危重症医学科医师组组长周新教授，做出回应：政府安排得很好，上海医疗队到武汉这两天，没有吃过一盒方便面。,,0,2020-01-29 00:47:32.346
5e3065abf8be3cb05ba2bf05,35,山西高速因疫情封闭?,山西公安：系谣言,,据微博「山西公安」消息，从1月25日夜间开始，山西局部地区降雪，因不具备安全通行条件，多地高速公路临时交通管制。目前，因降雪临时封闭的路段已陆续恢复正常通行。为加强疫情防控，省内高速公路出入口均设置了司乘人员体温检测点，并非交通管制。,,0,2020-01-29 00:47:32.346
5e3065abf8be3cb05ba2bf06,36,武汉红十字会收服务费？,武汉市红十字会官方微博辟谣：不存在任何收费现象,,据武汉市红十字会官方微博@博爱江城，武汉市红十字会负责接收捐赠物资，具体的发放和分配由市卫健委统一根据各个医院的实际需求调拨安排，来运送的车辆由各个医院自行安排，市红十字会的转运车辆也是通过与武汉市交通委员会协调后，免费运送。武汉市红十字会至今为止的所有工作流程中，均不存在任何收费现象。,,0,2020-01-29 00:47:32.346
5e3065abf8be3cb05ba2bf07,37,SARS是美国的生物战？,勿怪幸医学博士查证：营销号胡扯,,中科院武汉病毒所的石正丽教授团队经过多年研究发现，SARS病毒的基因与来自云南山洞里的菊头蝠99%吻合。SARS爆发主要集中在中国和亚洲地区，是因为病毒的传播依赖人传人，如果没有感染的人去到其他洲，病毒是没有办法跨越大洋传播的。,,0,2020-01-29 00:47:32.346
5e3065abf8be3cb05ba2bf08,38,杭州为控制疫情将封城？,杭州新冠肺炎防控指挥部辟谣：均为输入性病例，不存在封城,,杭州市新冠肺炎防控指挥部发布公告称，自采取公共卫生事件一级响应以来，杭州市防控「冠状病毒肺炎」各项工作有序、有力、有效，尽管病例数仍在增加，但均为输入性病例，并且均按医学隔离标准和诊疗规范实施有效管控。为了减少输入性病例，在一些入城口采取了体温监测措施，但不存在“封城”等说法。,,0,2020-01-29 00:47:32.346
5e3065abf8be3cb05ba2bf09,39,武汉将断网？,湖北通信管理局和三大运营商辟谣,,网传「武汉将断网，禁止医务人员分享相关信息」。就此，省通信管理局和三大运营商相关权威人士均明确回复，此传言纯属子虚乌有，完全是谣言。相反，目前省通管局和运营商正在进一步强化措施保障通信畅通。,,0,2020-01-29 00:47:32.346
5e3065abf8be3cb05ba2bf0a,40,钟南山：全国人民在家隔离两周？,广州医科大学附属第一医院辟谣：情况不实,,广州医科大学附属第一医院相关负责人表示，钟南山院士从未提出“全中国人民在家隔离两周”的建议。但钟南山院士强调注意防护，早发现、早隔离，尽可能减少传播，减少出现“超级传播者”的概率。重视防护，但也不必恐慌。尽量减少走亲访友，少去人员密集的场所，出门戴口罩，在室内注意通风，勤洗手，多运动，少熬夜。,,0,2020-01-29 00:47:32.346
5e3065abf8be3cb05ba2bf0b,41,北京为防控疫情将封城？,北京市交通委辟谣：情况不实,,北京市新型冠状病毒感染的肺炎疫情防控工作新闻发布会召开，就网络上流传的“北京市为防控疫情采取封城措施”的消息，北京市交通委副主任容军表示，目前，北京市对外交通基本正常，没有封城也不会封城，但将严防疫情通过交通工具传播。,,0,2020-01-29 00:47:32.346
5e3065abf8be3cb05ba2bf0c,42,新冠2018年就发现了？,中科院辟谣：并非同一种,,新型冠状病毒感染的肺炎疫情发生后，有网友翻出2018年“科学家发现新型冠状病毒”的旧闻，怀疑“是否两年前就已发现如今正在肆虐的新型冠状病毒”。记者今天向中科院求证，该院武汉病毒研究所称2018年报道的“病毒”，与此次引发肺炎疫情的2019-nCov并非“同一种病毒”。,,0,2020-01-29 00:47:32.346
5e3065abf8be3cb05ba2bf0d,43,西宁将关闭超市菜场？,西宁官方辟谣：不属实,,经核实此传言不实，为防治新型冠状病毒感染的肺炎疫情，有关部门为减少人员密集场所人流量，仅对个别大型商业综合体的非群众日常生活必需品销售场所进行了临时管理，与市民群众生活密切相关的超市（含大型商场附设超市）、农贸市场、便利店、连锁店、配送店、菜店和各类粮油副食供应点均照常营业，且各类货品准备充足。,,0,2020-01-29 00:47:32.346
5e3065abf8be3cb05ba2bf0e,44,从武汉回大溪镇被抓走？,台州网警辟谣：纯属谣言,,"有网友称，从武汉回到大溪镇的一千多人，被公安局全抓走，需隔离15天，政府包了10个宾馆。
台州网警对此表示，经与属地核实，并无此事。",,0,2020-01-29 00:47:32.346
5e3065abf8be3cb05ba2bf0f,45,新加坡拒武汉旅客入境?,新加坡移民局辟谣：假的,,有消息称：新加坡拒逾百名武汉旅客入境。新加坡移民局与关卡局25日表示消息并不是真的，这件事情没有发生,,0,2020-01-29 00:47:32.346
5e3065abf8be3cb05ba2bf10,46,北京一确诊患者逃跑？,北京协和医院辟谣：该患者并未失联,,北京协和医院经过多方调查核实，该患者并未失联。因新型冠状病毒感染病例的确诊或疑似病例的排除，需要经过多次复核复验。该病例后经北京市CDC复核检验为阴性。,,0,2020-01-29 00:47:32.346
5e3065abf8be3cb05ba2bf11,47,北京三百多人死亡？,北京政府新闻办官微回应：假的,,有微信群内网友传言称，此次由武汉开始传播的肺炎疫情，已经导致北京300多人死亡。对此，北京市政府新闻办公室官方微博@北京发布回应@捉谣记指出，该传言是假的。,,0,2020-01-29 00:47:32.346
5e3065acf8be3cb05ba2bf12,48,深圳要封城？,深圳市互联网信息办公室：是谣言,,1月26日下午从深圳市新型冠状病毒感染的肺炎疫情防控工作领导小组办公室获悉，有关深圳市将要“封城”的信息，是谣言！,,0,2020-01-29 00:47:32.346
5e3065acf8be3cb05ba2bf13,49,日本派出千名医疗人员？,其实是误解,,27日下午，网上流传一张日本媒体报道武汉肺炎疫情的截图，配文称“日本派了1000名医疗工作者去武汉”。其实，这是误解了截图配文的意思，原意是日本媒体报道中国政府派了1000名医疗工作者去武汉，却被解读为日本派了1000名医疗工作者去武汉。,,0,2020-01-29 00:47:32.346
5e3065acf8be3cb05ba2bf14,50,带呼吸阀的口罩没有用？,丁香医生团队辟谣：口罩上有呼吸阀不用担心,,呼吸阀的气流是单向向外的，不影响使用者的防护效果。但已经有症状的人，建议不要使用带有呼吸阀的防护口罩，它无法阻挡病毒飞沫溢出。,,0,2020-01-29 00:47:32.346
5e3065acf8be3cb05ba2bf15,51,熏醋可以预防新冠？,丁香医生团队辟谣：熏醋杀不死新型冠状病毒,,"一瓶醋里的醋酸含量最多也只有5%。将醋里的醋酸蒸发到空气中的做法，提升空气酸度的空间十分有限。
另外，熏醋还会带来副作用。醋酸挥发到房间后，可能对人体的呼吸道粘膜产生刺激作用，导致咽喉不适、恶心及呼吸困难。
对呼吸道敏感的儿童、老人，以及有哮喘病史的人而言，熏醋很有可能诱发呼吸系统疾病。",,0,2020-01-29 00:47:32.346
5e3065acf8be3cb05ba2bf16,52,上海出租车网约车停运？,多个平台回复：不实消息,,27日下午，一则消息称，自2020年1月28日24时起，市区网约车，出租车一律停止运营。东方网记者致电大众、强生等叫车服务热线，均得到否定的答案。滴滴出行、美团出行等网约车平台也对该说法予以否定。此外，这则消息的落款为“上海市城市交通客运管理处”，而上海并没有这一部门。,,0,2020-01-29 00:47:32.346
